ct_0,ct_1,ct_2,ct_3,ct_4
0.056870787634432,0.020221305422127998,0.056983860113199995,0.053119637484208004,0.06434202482180801
