ct_0,ct_1,ct_2,ct_3,ct_4,ct_5,ct_6
0.069274056473008,0.03976609851520001,0.06954715213619199,0.078859794507712,0.0783644085232,0.078049825381312,0.075238529074432
