ct_0,ct_1,ct_2,ct_3,ct_4,ct_5,ct_6
0.026677255063552,0.0365314780528,0.0100389323212,0.0036891433132,0.004012564457392,0.0056192477636320005,0.006089718046768
