ct_0,ct_1,ct_2,ct_3,ct_4,ct_5
0.01245107932,0.08442065518719999,0.086363535655168,0.08235915818372799,0.086631807368752,0.075839162120368
