ct_0,ct_1,ct_2,ct_3,ct_4,ct_5
0.6428571428571428,0.8333333333333334,0.4,1.0,0.19999999999999996,0.25
