ct_0,ct_1,ct_2,ct_3,ct_4,ct_5
0.052306262130688,0.04644257936747201,0.066320129908672,0.085788291274288,0.084727328121088,0.086549196894208
