ct_0,ct_1,ct_2,ct_3,ct_4,ct_5
0.044940816138688,0.041622357787072004,0.0485772390988,0.0043111053808,0.014916243137199999,0.007551695772592
