ct_0,ct_1,ct_2,ct_3,ct_4,ct_5,ct_6
0.026327690302767996,0.071004258547648,0.0734623424368,0.08340799075532801,0.081656446877872,0.0770097822028,0.08087420629931201
