ct_0,ct_1,ct_2,ct_3,ct_4,ct_5,ct_6
0.0781748549872,0.051819334871488,0.0781748549872,0.078542714894272,0.050868692984751995,0.08022696163,0.085907730056128
