ct_0,ct_1,ct_2,ct_3,ct_4,ct_5,ct_6
0.031877638518832005,0.041372362111408004,0.018227116330432,0.010975865019568001,0.040396075569088,0.007355731314688,0.0036551212108
