ct_0,ct_1,ct_2,ct_3,ct_4
0.040474675439152,0.0337580835568,0.066187856427568,0.068497628327872,0.070209437275312
