ct_0,ct_1,ct_2,ct_3,ct_4,ct_5
0.015888667817392,0.06161032348,0.067894558945072,0.043810210675888,0.043810210675888,0.06795184216580799
