ct_0,ct_1,ct_2,ct_3,ct_4,ct_5
1.0,0.09523809523809523,0.1428571428571429,1.0,1.0,1.0
