ct_0,ct_1,ct_2,ct_3,ct_4,ct_5,ct_6
0.079286180013232,0.06866356732000001,0.093595543,0.0916579802608,0.078276248933632,0.08198738512,0.06829355287340799
