ct_0,ct_1,ct_2,ct_3,ct_4,ct_5,ct_6
0.059297079626799996,0.0398615311168,0.074941784755648,0.076034990237632,0.080361633838768,0.082340388832192,0.074887528426432
