ct_0,ct_1,ct_2,ct_3,ct_4,ct_5,ct_6
0.8,1.0,0.33333333333333337,0.25,0.2222222222222222,1.0,0.1428571428571429
