ct_0,ct_1,ct_2,ct_3,ct_4,ct_5,ct_6
0.03465419206451201,0.058860457277488,0.077187157838512,0.074492649935152,0.076374875626288,0.076963099890112,0.078956228917168
