ct_0,ct_1,ct_2,ct_3
0.010587516404272,0.083898844706608,0.075173908470208,0.083898844706608
