ct_0,ct_1,ct_2,ct_3
0.0734972226028,0.0047677525612,0.009414440248768,0.003605034968368
