ct_0,ct_1,ct_2,ct_3,ct_4,ct_5,ct_6,ct_7,ct_8
0.073444206671152,0.0328249901932,0.0787842870028,0.056166389450800006,0.07517671771955199,0.0787486778368,0.07696922940779201,0.078816576847408,0.07878761077292801
