ct_0,ct_1,ct_2,ct_3,ct_4,ct_5,ct_6
0.040107897405232004,0.017702215404208,0.011031488963008,0.007260583652800001,0.021393889718272,0.007542737628208,0.012433436112688
