ct_0,ct_1,ct_2,ct_3,ct_4,ct_5,ct_6
0.046491176283568,0.061497079778752003,0.07213725939140801,0.081253535649712,0.07107748052804799,0.079172979871408,0.07202256908919999
