ct_0,ct_1,ct_2,ct_3,ct_4,ct_5,ct_6
0.014614990381311999,0.082570042695472,0.086849939303728,0.087210281724208,0.08140887204279999,0.086849939303728,0.08501150224196799
