ct_0,ct_1,ct_2,ct_3,ct_4,ct_5
0.06787137677920001,0.05617718241280001,0.0793975253452,0.056282550076672,0.079264772873152,0.08723183876036801
