ct_0,ct_1,ct_2
0.023516398393792,0.0663558067852,0.067062775717888
