ct_0,ct_1,ct_2,ct_3,ct_4,ct_5,ct_6,ct_7
0.4722222222222222,0.16666666666666663,0.25,0.5,0.875,1.0,1.0,0.4
