ct_0,ct_1,ct_2,ct_3,ct_4,ct_5,ct_6,ct_7
0.7142857142857143,0.8333333333333334,0.5833333333333333,0.8571428571428572,0.625,0.625,0.875,0.875
