ct_0,ct_1,ct_2,ct_3,ct_4
0.057394186962351997,0.058991616019888,0.021652112771007998,0.069105869509552,0.06462877531652801
