ct_0,ct_1
0.082652901116848,0.080122900414768
