ct_0,ct_1
0.020674631585968,0.017959388282800002
