ct_0,ct_1,ct_2,ct_3
0.011399754158512002,0.086065761393088,0.088272969618688,0.0824491730752
