ct_0,ct_1,ct_2,ct_3
0.061479832778799995,0.003703992597808,0.012373201192192,0.029008236986368
