ct_0,ct_1,ct_2,ct_3
0.6111111111111112,1.0,0.125,0.19999999999999996
