ct_0,ct_1,ct_2,ct_3
0.03910976215187201,0.079472257920448,0.079505108909872,0.0739138342912
