ct_0,ct_1,ct_2,ct_3
0.067243134404032,0.027938968121392,0.070465208155072,0.064055628221488
