ct_0,ct_1,ct_2,ct_3
0.021005636890047998,0.053424138286528,0.007904800693168,0.011266104605632002
