ct_0,ct_1,ct_2,ct_3,ct_4,ct_5,ct_6,ct_7,ct_8
0.7142857142857143,0.7083333333333333,0.16666666666666663,1.0,1.0,1.0,0.4,1.0,1.0
