ct_0,ct_1,ct_2,ct_3,ct_4,ct_5,ct_6
0.0280989223792,0.0643053104908,0.06910861075,0.06547855098155199,0.060112681611712,0.06733835369267199,0.065429960468272
