ct_0,ct_1,ct_2,ct_3,ct_4,ct_5,ct_6
0.069269484628528,0.0330563482432,0.011836998995632,0.0281193457228,0.010257289507888,0.005076137265712,0.006407073714112
