ct_0,ct_1,ct_2
0.036015683768368,0.012859880722432002,0.027408671668528
