ct_0,ct_1,ct_2
0.049037296883632,0.06843565852,0.053500439087152
