ct_0,ct_1,ct_2,ct_3,ct_4,ct_5
0.024414156045231998,0.06733880720900799,0.067708256099632,0.07169497743155201,0.06887297775659201,0.06887297775659201
