ct_0,ct_1,ct_2,ct_3,ct_4,ct_5
0.07024386118451201,0.06950870799999999,0.066699755127232,0.05668116608147201,0.07131710117060801,0.07206048500228801
