ct_0,ct_1
0.009595564269999999,0.054704434800688005
