ct_0,ct_1
0.06754751633348799,0.009595564269999999
