ct_0,ct_1,ct_2
0.040498621147312,0.018153796001199998,0.03735997291268801
