ct_0,ct_1,ct_2
0.065171430633472,0.09689391445811199,0.07541374299999999
