ct_0,ct_1,ct_2
0.875,0.5833333333333333,0.7142857142857143
