ct_0,ct_1,ct_2,ct_3
0.014743337470000001,0.011337696742192,0.053193699111471995,0.008424499932592
