ct_0,ct_1,ct_2,ct_3
0.061715655524608,0.054621697933312,0.018956495519152,0.056759505577648
