ct_0,ct_1,ct_2,ct_3
0.044940816138688,0.075512646961072,0.009420289257472,0.0485772390988
