ct_0,ct_1,ct_2,ct_3
0.080572375990528,0.059993160146368005,0.08258112112019199,0.03825580075
