ct_0,ct_1,ct_2,ct_3,ct_4,ct_5,ct_6
0.018529838662912,0.06989892405452801,0.071575415443888,0.069691371942832,0.0770380786348,0.075360322742272,0.075319562205232
