ct_0,ct_1,ct_2,ct_3,ct_4,ct_5,ct_6
0.8571428571428572,0.7142857142857143,0.6666666666666667,0.8333333333333334,0.06666666666666665,0.4,1.0
