ct_0,ct_1,ct_2,ct_3,ct_4
0.061052174498608,0.0098626978348,0.018663662060799998,0.009910974075568,0.009910974075568
