ct_0,ct_1,ct_2,ct_3,ct_4
0.027074815790128,0.059156111447728005,0.043258946589951996,0.05405540958635201,0.05405540958635201
