ct_0,ct_1,ct_2,ct_3,ct_4,ct_5
0.059761330366912,0.0096297379648,0.016032950009008,0.028270559696127996,0.007354453656832001,0.004843050975232
