ct_0,ct_1,ct_2,ct_3,ct_4,ct_5
0.027358400441392,0.07107287472836801,0.07810238731076799,0.056796737578288,0.0780659243008,0.07632971961323201
