ct_0,ct_1,ct_2,ct_3
0.055213995611392,0.067668288079408,0.05388193123,0.05388193123
