ct_0,ct_1,ct_2,ct_3
0.069476218305712,0.0084280452208,0.031355575444528,0.031355575444528
