ct_0,ct_1,ct_2,ct_3,ct_4,ct_5
0.055652838387712,0.04241951633924801,0.065626183949488,0.07988247572228799,0.073439556686512,0.073439556686512
