ct_0,ct_1,ct_2,ct_3,ct_4,ct_5,ct_6
0.029045209765552003,0.05472287278719999,0.055907951552512006,0.054199085584048,0.05629810048000001,0.042923859361792,0.0581918857612
