ct_0,ct_1,ct_2,ct_3,ct_4,ct_5,ct_6
0.060868195172799996,0.022622534184112,0.023701442952111997,0.033149745774591996,0.011217629822128001,0.015498307085488,0.003683884668928
