ct_0,ct_1,ct_2,ct_3,ct_4,ct_5,ct_6,ct_7,ct_8,ct_9,ct_10,ct_11,ct_12,ct_13,ct_14,ct_15,ct_16,ct_17
0.004996615043248,0.015417237766192,0.007906405193727999,0.006459681015807999,0.005109653471488,0.012266445338800001,0.003727508036272,0.011468118657472,0.0115685858032,0.012486706021168,0.0037244136145119996,0.008103923484208,0.019206179651248,0.019206179651248,0.003699042615088,0.005132838689727999,0.005344229957632,0.003786937688752
