ct_0,ct_1,ct_2,ct_3,ct_4,ct_5,ct_6
0.011337696742192,0.053193699111471995,0.008424499932592,0.017914990276528,0.011606942997952,0.004852740305968,0.004749638442928
