ct_0,ct_1,ct_2,ct_3,ct_4,ct_5,ct_6
0.06890629946156801,0.028961939592448,0.071244268651312,0.061922921777151994,0.075994121609008,0.07829615332499201,0.07836251230355201
