ct_0,ct_1
0.036884396473648,0.085788778674112
