ct_0,ct_1,ct_2,ct_3,ct_4,ct_5
0.057914057850928,0.039342820138431996,0.068292642211072,0.06818202245636801,0.0700217977408,0.0476946754288
