ct_0,ct_1,ct_2,ct_3,ct_4,ct_5
0.060426289436847996,0.0608196884992,0.07807397413508801,0.08089718052932801,0.081819703312432,0.079903456435888
