ct_0,ct_1,ct_2,ct_3,ct_4,ct_5
0.5714285714285714,0.6111111111111112,0.25,0.1428571428571429,0.125,0.19999999999999996
