ct_0,ct_1,ct_2,ct_3,ct_4,ct_5
0.053456530775487995,0.026216478923199997,0.04419203834924801,0.05693576462483199,0.06040076215019201,0.057372480143152
