ct_0,ct_1,ct_2,ct_3,ct_4,ct_5,ct_6,ct_7
0.7857142857142857,0.5555555555555556,0.125,0.33333333333333337,0.19999999999999996,0.75,0.8,1.0
