ct_0,ct_1,ct_2,ct_3,ct_4
0.040792208500672,0.047343983399728,0.035745331959808,0.0521232128512,0.0543715399168
