ct_0,ct_1,ct_2,ct_3,ct_4
0.032882704487872,0.011804534170288001,0.027875179673008,0.012930368229808,0.0051071472448
