ct_0,ct_1
0.04099419549995201,0.07824213066572801
