ct_0,ct_1
0.062104213265200006,0.04601396605508801
