ct_0,ct_1
0.5555555555555556,0.0357142857142857
