ct_0,ct_1,ct_2,ct_3,ct_4,ct_5
0.022283573383167995,0.076541457242032,0.079474638288688,0.089314532006848,0.089314532006848,0.088887881994928
