ct_0,ct_1,ct_2
0.009879331429311999,0.064402481802688,0.0607623759088
