ct_0,ct_1,ct_2
0.0695476098412,0.004843363521328,0.019799275282431996
