ct_0,ct_1,ct_2,ct_3,ct_4
0.016056213666351998,0.061522731593728,0.055899759095728,0.059890826781232,0.059890826781232
