ct_0,ct_1,ct_2,ct_3,ct_4
0.069500013147952,0.011772408789952001,0.009996808956352,0.007038658451392,0.007038658451392
