ct_0,ct_1,ct_2
0.7142857142857143,0.6666666666666667,0.1428571428571429
