ct_0,ct_1,ct_2
0.011590738971568,0.051764785611568005,0.021288384269872
