ct_0,ct_1,ct_2
0.05705407263428801,0.0301316319088,0.062253698964927995
