ct_0,ct_1,ct_2,ct_3,ct_4,ct_5,ct_6,ct_7,ct_8
0.04411959929267201,0.07375548688,0.077169697902592,0.080895265934128,0.079012775986432,0.052215141061167994,0.075477487118272,0.079068859951552,0.080864634290992
