ct_0,ct_1,ct_2,ct_3,ct_4
0.028311081101872002,0.093798036901312,0.06722772153164801,0.09166942748996801,0.06722772153164801
