ct_0,ct_1
0.0115851176512,0.084892938972208
