ct_0,ct_1
0.08079189832196801,0.008803792019392
