ct_0,ct_1,ct_2,ct_3,ct_4,ct_5
0.05925504247403201,0.009806616791728,0.0079856944108,0.007395984613312001,0.013611155269551999,0.014025990070528
