ct_0,ct_1,ct_2,ct_3,ct_4,ct_5
0.6944444444444444,0.8333333333333334,1.0,0.25,0.2222222222222222,0.25
