ct_0,ct_1,ct_2,ct_3,ct_4,ct_5
0.019765889803312,0.054794495931568,0.055513343852800004,0.061474526273968,0.059800390856368,0.059536317362991996
