ct_0,ct_1,ct_2,ct_3,ct_4,ct_5
0.024277866609327996,0.059037539950528,0.059037539950528,0.0644665385932,0.0613869869068,0.06616709667908799
