ct_0,ct_1,ct_2
0.072553920540208,0.010152966049792,0.010723399630000002
