ct_0,ct_1,ct_2
0.014802303558832,0.055896309733552,0.057557925922048
