ct_0,ct_1,ct_2,ct_3,ct_4,ct_5,ct_6
0.05703976824467201,0.043021329675568,0.0637753922368,0.072241821831472,0.062205781884351996,0.072250614490048,0.0741655325248
