ct_0,ct_1,ct_2,ct_3,ct_4,ct_5
0.079061729966512,0.08292767278148801,0.039072532277248,0.082130646574528,0.0864871330732,0.090363423689008
