ct_0,ct_1,ct_2,ct_3,ct_4
0.017122729449471998,0.067986855331072,0.072261721451968,0.07130788067204799,0.07130788067204799
