ct_0,ct_1,ct_2,ct_3,ct_4
0.06846299617120001,0.011771084206527999,0.010005624284848,0.007009036351792,0.007009036351792
