ct_0,ct_1,ct_2,ct_3,ct_4,ct_5,ct_6
0.060574228839087994,0.040808999018752005,0.076090431701248,0.0779878065292,0.0761388353548,0.06653788793036801,0.07257986925035201
