ct_0,ct_1,ct_2,ct_3,ct_4,ct_5,ct_6
0.7857142857142857,0.8333333333333334,1.0,0.125,0.07407407407407407,0.4666666666666667,1.0
