ct_0,ct_1,ct_2,ct_3,ct_4,ct_5,ct_6
0.05134536448,0.051952596972208,0.036350797532848006,0.07142915783680001,0.071456372708272,0.063866532216832,0.0713853436012
