ct_0,ct_1,ct_2,ct_3
0.076964042883328,0.01186151875,0.007593296030512,0.0036749146167519998
