ct_0,ct_1,ct_2,ct_3
0.015641831071168,0.070428456175552,0.080720138974768,0.082450135964608
