ct_0,ct_1,ct_2,ct_3
0.062162310291712,0.007488043661248001,0.0036569766922720003,0.009930550915887999
