ct_0,ct_1,ct_2,ct_3
0.009930550915887999,0.06373742785719999,0.069241598248192,0.060385359159232
