ct_0,ct_1,ct_2,ct_3,ct_4
0.0526405728832,0.05426839279211201,0.051076336988608,0.032304543182512004,0.032304543182512004
