ct_0,ct_1,ct_2,ct_3,ct_4
0.011012396307712,0.047104610820352,0.048878407941568,0.05663270498963201,0.05663270498963201
