ct_0,ct_1,ct_2,ct_3,ct_4,ct_5,ct_6
0.027279329543727995,0.062687629012912,0.061972108844847995,0.062687629012912,0.055728220382511996,0.066464677154752,0.068308579300912
