ct_0,ct_1,ct_2,ct_3,ct_4
0.084667130902528,0.081039377842432,0.06948582748,0.0733437862252,0.0656207811052
