ct_0,ct_1,ct_2,ct_3,ct_4
0.014739271807407998,0.007120556230191999,0.017018631788992,0.014199647353647999,0.024196368848128
