ct_0,ct_1
0.063078292261168,0.03921436348
