ct_0,ct_1
0.020493342089151996,0.046485409918768
