ct_0,ct_1,ct_2,ct_3,ct_4,ct_5,ct_6
0.0666337288768,0.041059438341568,0.061522289296432,0.058082541595072,0.04960422727475201,0.060801170527168005,0.06494281388612799
