ct_0,ct_1
0.018282044891392,0.049966858276288
