ct_0,ct_1
0.069476218305712,0.010187621771199999
