ct_0,ct_1
0.010187621771199999,0.048355089015472
