ct_0,ct_1,ct_2,ct_3
0.016766986512687997,0.05119141072120001,0.04860929230028801,0.056008442308912006
