ct_0,ct_1,ct_2,ct_3,ct_4
0.7619047619047619,0.05555555555555558,1.0,0.5,0.5
