ct_0,ct_1,ct_2,ct_3,ct_4
0.01010916988,0.05791884500780801,0.052475471716912,0.056089559171248,0.056089559171248
