ct_0,ct_1,ct_2,ct_3
0.0288358093168,0.07633207129235199,0.079448455426048,0.085943815641088
