ct_0,ct_1,ct_2,ct_3,ct_4,ct_5
0.06655642017899199,0.042603895416832,0.070043811520768,0.06415090529919999,0.048497752621312,0.048497752621312
