ct_0,ct_1,ct_2,ct_3,ct_4,ct_5
0.010971258225712,0.052107542515888006,0.047685973091632,0.007773305152048,0.019962800909871996,0.019962800909871996
