ct_0,ct_1,ct_2,ct_3,ct_4,ct_5,ct_6
0.07366843837700801,0.089985652,0.081592132074928,0.028959326426032,0.089985652,0.064131220436992,0.089704754061568
