ct_0,ct_1,ct_2,ct_3,ct_4
0.054054554664112006,0.041313824147248004,0.031770132908992,0.0610843973632,0.05578251180280001
