ct_0,ct_1,ct_2
0.08470353892292799,0.08124251213132799,0.092066879599792
