ct_0,ct_1,ct_2
0.018043019821312,0.027228730163199995,0.005197719766192
