ct_0,ct_1,ct_2,ct_3,ct_4,ct_5,ct_6,ct_7
0.7142857142857143,0.8571428571428572,0.25,0.1333333333333333,1.0,0.75,1.0,1.0
