ct_0,ct_1,ct_2,ct_3
0.044134654595632004,0.02008107763,0.053773899748288,0.055245373121968006
