ct_0,ct_1,ct_2,ct_3
0.07527271909163201,0.046191549864112,0.0700745424172,0.075031613881792
