ct_0,ct_1,ct_2,ct_3
0.011321197250992001,0.049955123349952,0.025632001557951995,0.034894227452848
