ct_0,ct_1,ct_2,ct_3
0.4285714285714286,0.6,0.33333333333333337,0.1428571428571429
