ct_0,ct_1,ct_2,ct_3,ct_4,ct_5,ct_6
0.049427334745648005,0.0426406313932,0.044462501973952004,0.044462501973952004,0.054676566458368,0.0693645967852,0.069956226820528
