ct_0,ct_1,ct_2,ct_3,ct_4,ct_5,ct_6
0.023573005818928,0.037030381231552,0.029539738618287997,0.029539738618287997,0.0148009477228,0.004038317467648,0.00363811408
