ct_0,ct_1
0.011938422161968002,0.04403417268371201
