ct_0,ct_1
0.073838839684912,0.071706521231152
