ct_0,ct_1,ct_2,ct_3
0.035896988782528005,0.07966370847155199,0.075971576199472,0.081359480578048
