ct_0,ct_1,ct_2,ct_3
0.6944444444444444,0.25,0.2222222222222222,0.0714285714285714
