ct_0,ct_1,ct_2,ct_3
0.061052174498608,0.012380188322608001,0.025912979113407997,0.024618456107008
