ct_0,ct_1,ct_2,ct_3,ct_4
0.023922495295791997,0.0387927607372,0.009855197145088,0.007280373154048,0.007208253241791999
