ct_0,ct_1,ct_2,ct_3,ct_4
0.071967555109312,0.0666699053632,0.070285176290752,0.066660408500272,0.0667626328492
