ct_0,ct_1,ct_2,ct_3,ct_4,ct_5
0.011594045747248,0.0543244540912,0.0050269771870719996,0.015391360393648001,0.010198412798128,0.0038160450700000003
