ct_0,ct_1,ct_2,ct_3,ct_4,ct_5
0.066166645400512,0.028508630357247995,0.0736251581248,0.059299707213232,0.0736321383052,0.075441394735792
