ct_0,ct_1
0.0695476098412,0.010602607227568001
