ct_0,ct_1
0.015922502195199997,0.077527154210992
