ct_0,ct_1,ct_2,ct_3,ct_4,ct_5
0.07750778128000001,0.048082937993152,0.079276665512752,0.06199781443,0.079279519826608,0.0631063495168
