ct_0,ct_1
0.059297517555712005,0.031762158218800005
