ct_0,ct_1
0.051503656030000004,0.07551170930219199
