ct_0,ct_1,ct_2,ct_3,ct_4
0.02006347075,0.041085461827888,0.0096818304832,0.022885429700607997,0.011003180204032001
