ct_0,ct_1,ct_2,ct_3,ct_4
0.064173723937072,0.061045112568112,0.076293506482432,0.070940264773552,0.07628551206596801
