ct_0,ct_1,ct_2,ct_3,ct_4,ct_5,ct_6,ct_7,ct_8,ct_9
0.061479832778799995,0.003703992597808,0.024281127429568,0.003711417986608,0.003711417986608,0.007359244945071999,0.009316997983168,0.0061614662128,0.0061614662128,0.006115314706432
