ct_0,ct_1,ct_2
0.06846299617120001,0.019619788380208,0.0415336371532
