ct_0,ct_1,ct_2
0.6904761904761905,0.2857142857142857,0.33333333333333337
