ct_0,ct_1,ct_2
0.030879713777200002,0.07494131697899199,0.063921948598528
