ct_0,ct_1,ct_2
0.085674263471152,0.013930997156799999,0.019425102221248
