ct_0,ct_1,ct_2
0.6190476190476191,0.5714285714285714,1.0
