ct_0,ct_1,ct_2
0.029574959290288,0.07207250833412801,0.057903613507888
