ct_0,ct_1,ct_2,ct_3,ct_4,ct_5
0.018789935155648,0.065882962364848,0.064579913119168,0.064250249887168,0.064250249887168,0.07194629248
