ct_0,ct_1,ct_2,ct_3,ct_4,ct_5,ct_6
0.025951799891967997,0.07827577503812799,0.076414864159168,0.069269484628528,0.060561015998128,0.07828762268492799,0.07468557264275201
