ct_0,ct_1,ct_2,ct_3,ct_4,ct_5,ct_6
0.8333333333333334,0.09090909090909094,0.16666666666666663,0.8571428571428572,0.5555555555555556,1.0,1.0
