ct_0,ct_1,ct_2,ct_3,ct_4,ct_5,ct_6,ct_7
0.7,0.5,0.47619047619047616,0.8571428571428572,1.0,1.0,1.0,1.0
