ct_0,ct_1,ct_2,ct_3,ct_4
0.068852439273472,0.06756794334764801,0.045126420563968005,0.068713280114992,0.062713415378608
