ct_0,ct_1,ct_2,ct_3,ct_4
0.046034100555712,0.012621644329408002,0.025366128736192,0.006753895642672,0.011064084865072
