ct_0,ct_1,ct_2,ct_3,ct_4,ct_5,ct_6
0.048463221201711995,0.068733806739712,0.057764838049792,0.070806806328112,0.0708302713408,0.039238937675008,0.068904929985712
