ct_0,ct_1,ct_2,ct_3,ct_4,ct_5,ct_6
0.051033780241072,0.0326359324672,0.057627019753648,0.059257231712512,0.059278687392688004,0.046543081187248,0.057629192869888005
