ct_0,ct_1,ct_2,ct_3,ct_4,ct_5
0.036642397492672,0.057266147951872,0.07182938069828801,0.050268006707200004,0.075986606251312,0.07571854672
