ct_0,ct_1,ct_2,ct_3,ct_4,ct_5
0.027516660939952,0.074593997729728,0.080139604723648,0.068502185562112,0.068502185562112,0.080028421682992
