ct_0,ct_1,ct_2,ct_3,ct_4,ct_5,ct_6,ct_7,ct_8,ct_9,ct_10
0.076852322247472,0.08418990784307198,0.0864285028972,0.084600638132272,0.083473225427248,0.08646025936480001,0.08622925336196799,0.0837062658412,0.079636554002608,0.080504499631552,0.070850057313328
