ct_0,ct_1,ct_2,ct_3,ct_4,ct_5,ct_6
0.07536688252000001,0.057565746768832,0.06978573348280001,0.058012433155888,0.064363071020992,0.075296139568432,0.073573045589248
