ct_0,ct_1,ct_2,ct_3
0.009773371502512,0.050345252933632,0.058569126308800006,0.0585538496908
