ct_0,ct_1,ct_2,ct_3
0.071349836731648,0.011074622725168001,0.007395984613312001,0.009855523252528
