ct_0,ct_1,ct_2,ct_3,ct_4
0.070223206255792,0.022087066936768,0.013807810938112,0.005532742316031999,0.005532742316031999
