ct_0,ct_1,ct_2,ct_3,ct_4
0.011251922975152,0.057634408436991996,0.051578834275888004,0.054976879091967995,0.054976879091967995
