ct_0,ct_1,ct_2,ct_3
0.0888474701068,0.085045039709632,0.09005245571319999,0.09032131413548801
