ct_0,ct_1,ct_2,ct_3
0.014739271807407998,0.020940792444592,0.006896031451072,0.006180121704112
