ct_0,ct_1,ct_2,ct_3,ct_4,ct_5,ct_6
0.019329785639871998,0.061014219222832,0.044256361120000004,0.06100848235340801,0.06100848235340801,0.061014219222832,0.053341048808368
