ct_0,ct_1,ct_2
0.026929160159488,0.048268209718528,0.008930272029999999
