ct_0,ct_1,ct_2
0.061507693970368,0.039824545077808,0.078176749838272
