ct_0,ct_1,ct_2,ct_3,ct_4,ct_5,ct_6
0.07176147712,0.073070623684528,0.0172552058368,0.076634677226032,0.080407017608128,0.080407017608128,0.080407017608128
