ct_0,ct_1,ct_2
0.039216741482752004,0.081965277771712,0.090125710470448
