ct_0,ct_1,ct_2
0.5714285714285714,0.7142857142857143,0.19999999999999996
