ct_0,ct_1,ct_2,ct_3,ct_4,ct_5,ct_6,ct_7
1.0,0.9714285714285714,0.8,0.5,0.5,0.19999999999999996,1.0,0.375
