ct_0,ct_1,ct_2,ct_3,ct_4,ct_5,ct_6
0.041475048479152,0.079596542007088,0.084929862999472,0.06709358107571199,0.080118605192128,0.084058140110848,0.084288775591168
