ct_0,ct_1,ct_2,ct_3,ct_4,ct_5,ct_6
0.071069190150832,0.065545154348848,0.0427617896812,0.0745295414272,0.071080704639232,0.070302622547968,0.071069190150832
