ct_0,ct_1,ct_2,ct_3,ct_4,ct_5,ct_6
0.010666927747888001,0.07070790990227199,0.068965650884608,0.072415418817472,0.0706646840128,0.072449226492208,0.072426070053808
