ct_0,ct_1
0.020296408175872,0.041875503419392
