ct_0,ct_1
0.066116107667392,0.049228463240368
