ct_0,ct_1,ct_2,ct_3,ct_4,ct_5,ct_6,ct_7,ct_8
0.0357142857142857,0.25,0.30952380952380953,0.8181818181818181,1.0,0.125,0.5,0.5,1.0
