ct_0,ct_1,ct_2,ct_3,ct_4,ct_5
0.018750506260911997,0.071172379223728,0.073143066265648,0.07112077926827201,0.07112077926827201,0.079037964753712
