ct_0,ct_1,ct_2,ct_3,ct_4,ct_5
0.069269484628528,0.011659868550592001,0.010257289507888,0.010498321076272,0.010498321076272,0.005076137265712
