ct_0,ct_1,ct_2,ct_3
0.0523965749452,0.0051685657169920005,0.0051685657169920005,0.009818352569392
