ct_0,ct_1,ct_2,ct_3
0.011383576676800001,0.06074871121643201,0.06074871121643201,0.056082654419632005
