ct_0,ct_1,ct_2,ct_3,ct_4,ct_5,ct_6
0.010323068250112,0.004866806940928,0.0213420155632,0.031251434849728,0.003703992597808,0.004116233269168,0.007370425373632
