ct_0,ct_1,ct_2,ct_3,ct_4,ct_5,ct_6
0.096000928127152,0.09850654422880001,0.08822920424747199,0.067839107309872,0.100417402534192,0.099736306852912,0.094497823875328
