ct_0,ct_1,ct_2
0.06474447169719999,0.08966373069803199,0.040723463232448
