ct_0,ct_1,ct_2,ct_3,ct_4,ct_5,ct_6
0.046383290954800004,0.029761306116352,0.04963979170859201,0.052196921639871996,0.0517931156032,0.049519316295087996,0.0517931156032
