ct_0,ct_1,ct_2,ct_3,ct_4,ct_5,ct_6
0.020975868634048,0.06645202573868801,0.069969522991552,0.07525304756036799,0.07950891798635201,0.077693537672368,0.079388482720192
