ct_0,ct_1,ct_2
0.5714285714285714,0.625,0.1428571428571429
