ct_0,ct_1,ct_2
0.045820534109632,0.032123679834112,0.055336522952752
