ct_0,ct_1,ct_2,ct_3,ct_4,ct_5,ct_6
0.7619047619047619,0.6666666666666667,0.8333333333333334,1.0,1.0,1.0,1.0
