ct_0,ct_1,ct_2,ct_3,ct_4,ct_5,ct_6
0.0184946614828,0.06821479336120001,0.0656883256012,0.07411657147,0.065188507268032,0.073724294905648,0.071289440711728
