ct_0,ct_1,ct_2,ct_3,ct_4,ct_5,ct_6
0.039650453238832005,0.0619224786988,0.06531077644691201,0.045270447880192,0.06351066499652801,0.059520973884352,0.0636347320108
