ct_0,ct_1,ct_2,ct_3
0.009879331429311999,0.062704967800768,0.059091786192832,0.059091786192832
