ct_0,ct_1,ct_2
0.013041355362351998,0.056270024177200006,0.0083619911212
