ct_0,ct_1,ct_2
0.07108484998724801,0.044449866430000005,0.0760542524332
