ct_0,ct_1,ct_2
0.5555555555555556,0.5428571428571429,0.4
