ct_0,ct_1,ct_2,ct_3,ct_4
0.014441462320048,0.065459653473328,0.073143066265648,0.0654092675692,0.0654092675692
