ct_0,ct_1,ct_2,ct_3,ct_4,ct_5,ct_6
0.036072140720128,0.05908391091404801,0.052997960838832,0.058991178694911994,0.0517740875692,0.062805024929968,0.062805024929968
