ct_0,ct_1,ct_2,ct_3,ct_4,ct_5
0.018638909071791998,0.090935244040192,0.09613685248,0.09199212856619199,0.086667009859888,0.089579725521712
