ct_0,ct_1,ct_2,ct_3,ct_4,ct_5
0.8571428571428572,0.4444444444444444,0.16666666666666663,0.19999999999999996,0.75,0.6
