ct_0,ct_1,ct_2,ct_3,ct_4,ct_5
0.010971258225712,0.052107542515888006,0.047685973091632,0.017659630283199997,0.017579688674992,0.004939043209648
