ct_0,ct_1,ct_2,ct_3,ct_4,ct_5
0.069943389827632,0.062126829428992,0.057457583236528005,0.069910841917888,0.06642717671492801,0.07161141643
