ct_0,ct_1,ct_2,ct_3
0.066571337434048,0.07898854003,0.041650468145152005,0.08754705628
