ct_0,ct_1,ct_2,ct_3
0.30952380952380953,0.7272727272727273,0.92,0.4
