ct_0,ct_1
0.066897039030208,0.009505456520128
