ct_0,ct_1
0.0269520136432,0.066340903130368
