ct_0,ct_1,ct_2
0.022788179590191998,0.045955218046912,0.060787503477808
