ct_0,ct_1,ct_2
0.052968190607152,0.018161438978608,0.034012263195952006
