ct_0,ct_1,ct_2
0.014347858466752,0.078408973664512,0.0899807042032
