ct_0,ct_1,ct_2,ct_3,ct_4
0.044222161518592,0.032291209756672,0.047042644437952,0.058798839530752,0.058798839530752
