ct_0,ct_1,ct_2,ct_3,ct_4,ct_5
0.042308250070192004,0.08436876845444799,0.055873459105792,0.055873459105792,0.08234423884844799,0.08419863002156801
