ct_0,ct_1,ct_2,ct_3,ct_4
0.0723695774092,0.07593823143116801,0.0565444644208,0.07263965426732799,0.0560563320832
