ct_0,ct_1,ct_2,ct_3,ct_4
0.30000000000000004,0.25,0.8571428571428572,0.375,0.8333333333333334
