ct_0,ct_1
0.070286094483712,0.045071211216688
