ct_0,ct_1
0.011594045747248,0.0543244540912
