ct_0,ct_1
0.018738993709312,0.06515210857796801
