ct_0,ct_1
0.067872740373808,0.010189910698288
