ct_0,ct_1,ct_2,ct_3,ct_4,ct_5,ct_6,ct_7,ct_8
0.061829008490752,0.045560463394048,0.092125697407792,0.08527991716139201,0.092564218820608,0.08667532221280001,0.08667532221280001,0.09272752513719999,0.092720531536432
