ct_0,ct_1,ct_2,ct_3,ct_4,ct_5
0.069251655260608,0.029302385816752,0.067252201266112,0.07212939585971201,0.07212939585971201,0.077072981851312
