ct_0,ct_1,ct_2,ct_3,ct_4
0.053741885232688,0.027814381934127996,0.0700309699072,0.076855621317568,0.072028117396528
