ct_0,ct_1,ct_2,ct_3,ct_4
0.035149315397632004,0.045781952800768,0.008474788337200001,0.0038352477338079996,0.007084539671488
