ct_0,ct_1,ct_2,ct_3,ct_4
0.030565368645568,0.065537953072432,0.0791691756748,0.065537953072432,0.08639626160363201
