ct_0,ct_1,ct_2,ct_3,ct_4
0.065053725687232,0.030243344961327995,0.0126443145328,0.020066287705647997,0.009368307884032
