ct_0,ct_1,ct_2,ct_3,ct_4
0.066335032251952,0.035238820472368,0.071520962404912,0.069728928939952,0.039207229658368
