ct_0,ct_1
0.061737347609007995,0.0591657399628
