ct_0,ct_1,ct_2,ct_3,ct_4,ct_5,ct_6
0.044520799264432004,0.029806331299071998,0.046241318680000004,0.057453240438447996,0.053389620206512,0.059115851279152004,0.058943952683008
