ct_0,ct_1,ct_2,ct_3,ct_4,ct_5,ct_6
0.020272427450368,0.040905374074288,0.013457063219200002,0.004863993473968,0.007855392653872001,0.0036780076561120003,0.003799632522688
