ct_0,ct_1
0.017897304389632,0.039733503782848
