ct_0,ct_1,ct_2,ct_3,ct_4
0.010028155208128,0.048737556332800004,0.051884051470000005,0.055645516975408,0.055645516975408
