ct_0,ct_1,ct_2,ct_3,ct_4
0.06965931568811201,0.010028155208128,0.007604818683568,0.0048177376108,0.0048177376108
