ct_0,ct_1,ct_2,ct_3
0.059125040456128,0.04763293851371199,0.07380204928,0.082770006288832
