ct_0,ct_1,ct_2,ct_3
0.026677255063552,0.0365314780528,0.0100389323212,0.004012564457392
