ct_0,ct_1,ct_2,ct_3
0.065873947843888,0.04348834465120001,0.04348834465120001,0.073314504521728
