ct_0,ct_1,ct_2,ct_3
0.028177287971631996,0.038783666511808,0.038783666511808,0.026220147999999995
