ct_0,ct_1
0.014407324715968001,0.075530932
