ct_0,ct_1,ct_2,ct_3,ct_4
0.0828563015788,0.05268940675,0.04997985130628801,0.082465542665152,0.088019815337008
