ct_0,ct_1,ct_2,ct_3,ct_4,ct_5
0.06107292019859201,0.037198431905199995,0.07157772304172799,0.070743324031792,0.071520039575728,0.077081944251328
