ct_0,ct_1,ct_2,ct_3,ct_4,ct_5,ct_6
0.0600296249932,0.017825196986368,0.011122383491008001,0.0285413927488,0.0036919274024320003,0.006145658828799999,0.006084978546688
