ct_0,ct_1,ct_2,ct_3,ct_4,ct_5,ct_6
0.016949391923248,0.078530855626672,0.071325860964352,0.072245061195712,0.078560742015232,0.07856501177924799,0.0749548828528
