ct_0,ct_1,ct_2,ct_3,ct_4,ct_5,ct_6
1.0,0.08333333333333337,0.7142857142857143,0.2222222222222222,1.0,0.33333333333333337,1.0
