ct_0,ct_1,ct_2,ct_3,ct_4,ct_5,ct_6
0.07449591858380801,0.0703292534512,0.077317908987328,0.08277627261227201,0.053474434028800005,0.053474434028800005,0.08872183611519999
