ct_0,ct_1,ct_2,ct_3,ct_4
0.028501929783232,0.066872143246768,0.052033865448112004,0.063305075142592,0.063305075142592
