ct_0,ct_1,ct_2,ct_3,ct_4
0.015804289673152,0.0684561614668,0.076647391666432,0.076647391666432,0.071241964176832
