ct_0,ct_1,ct_2,ct_3,ct_4
0.061479832778799995,0.024281127429568,0.003711417986608,0.003711417986608,0.007359244945071999
