ct_0,ct_1,ct_2,ct_3
0.050055730412992,0.0519729111052,0.052803680157952,0.0511492516972
