ct_0,ct_1,ct_2,ct_3
0.019812280157872,0.012864222442672001,0.012235865059888001,0.028408523169328
