ct_0,ct_1,ct_2,ct_3,ct_4,ct_5
0.014956620128512,0.057972816553407996,0.06271919548,0.06328679947,0.06328679947,0.06271919548
