ct_0,ct_1,ct_2,ct_3,ct_4,ct_5,ct_6,ct_7,ct_8,ct_9
0.08130338682999999,0.059243220959488,0.065797788940288,0.07515330825875201,0.077761634489008,0.08313948652364801,0.090325772498608,0.090325772498608,0.0903247817452,0.090478885414912
