ct_0,ct_1,ct_2,ct_3,ct_4,ct_5,ct_6
0.4285714285714286,0.5833333333333333,0.30952380952380953,1.0,1.0,1.0,0.33333333333333337
