ct_0,ct_1,ct_2,ct_3,ct_4,ct_5,ct_6
0.0711525672448,0.052690256135728,0.056096464144047994,0.070377012693952,0.0711525672448,0.07130788067204799,0.07855884436480001
