ct_0,ct_1,ct_2,ct_3,ct_4,ct_5,ct_6
0.023713715148208,0.067850014812208,0.069310634339248,0.069310634339248,0.066677141324032,0.074858066498608,0.075025998628288
