ct_0,ct_1,ct_2,ct_3,ct_4
0.019398112731951998,0.0646368452908,0.06533865557324801,0.073480014446848,0.070148404160512
