ct_0,ct_1,ct_2,ct_3,ct_4,ct_5,ct_6
0.059293576226608,0.039777229754368,0.066097609957168,0.07464725665100799,0.06816518359475199,0.074656134229552,0.076589475427888
