ct_0,ct_1,ct_2,ct_3,ct_4
0.06816245308,0.011045974985152,0.009851610020272,0.004732776186928,0.006138388157488
