ct_0,ct_1,ct_2,ct_3,ct_4
0.009725474986432,0.04770047719859201,0.049216771012912004,0.054292356113200005,0.052386396893872006
