ct_0,ct_1,ct_2,ct_3,ct_4,ct_5,ct_6,ct_7
0.6944444444444444,0.8333333333333334,0.125,0.16666666666666663,0.6666666666666667,0.2857142857142857,1.0,0.5
