ct_0,ct_1,ct_2,ct_3,ct_4,ct_5
0.027719524595247996,0.025309580324272,0.028644936077248,0.013660207457199999,0.006946313143551999,0.008248977921472
