ct_0,ct_1,ct_2,ct_3,ct_4,ct_5
0.055209267892528,0.058899359591872,0.053741458405312,0.05018743313612801,0.058979371247151996,0.0612036178288
