ct_0,ct_1,ct_2,ct_3,ct_4,ct_5,ct_6
0.015179422163200002,0.075509365170112,0.075509365170112,0.06860337841196801,0.0791382686272,0.074477241161728,0.07922624443
