ct_0,ct_1,ct_2,ct_3,ct_4,ct_5,ct_6
0.059307590159152,0.014138588289472,0.009735899849152,0.009735899849152,0.003680172835072,0.004814300430592,0.0037835320048
