ct_0,ct_1,ct_2,ct_3,ct_4,ct_5,ct_6
0.010253690683648,0.0515078788012,0.055493116067248,0.055493116067248,0.057106963698352,0.05715032661995201,0.05696219416119999
