ct_0,ct_1,ct_2,ct_3,ct_4,ct_5,ct_6
0.044076881225392,0.079224341937712,0.044969421948928,0.075422178803968,0.077121571231168,0.07571713909508801,0.056727041026048
