ct_0,ct_1,ct_2,ct_3,ct_4
0.0106019510668,0.063227524968448,0.071241503284528,0.071241503284528,0.063227524968448
