ct_0,ct_1,ct_2,ct_3
0.045793444307200004,0.041083459891648,0.065797338369328,0.045369938289328005
