ct_0,ct_1,ct_2,ct_3
0.5714285714285714,0.7777777777777778,0.09999999999999998,0.6666666666666667
