ct_0,ct_1,ct_2,ct_3,ct_4,ct_5
0.018303952800687997,0.057119538056127996,0.057119538056127996,0.05575838058923201,0.041825650824448,0.041825650824448
