ct_0,ct_1,ct_2,ct_3,ct_4,ct_5
0.0611616627052,0.006698614289199999,0.006698614289199999,0.008350073029888,0.031060743151552,0.031060743151552
