ct_0,ct_1,ct_2
0.010931449421248,0.050794615361968005,0.0073324162348
