ct_0,ct_1,ct_2
0.06516648762999999,0.029091157438912,0.07020576567851201
