ct_0,ct_1,ct_2,ct_3,ct_4,ct_5
0.016991069451712002,0.082908863668672,0.0857429668672,0.089351061563392,0.085516943840512,0.08945672771680001
