ct_0,ct_1,ct_2,ct_3,ct_4,ct_5
0.075512646961072,0.017657207132847998,0.0485772390988,0.003744528900352,0.006191189942272,0.0036783169648000004
