ct_0,ct_1,ct_2,ct_3,ct_4,ct_5
0.061003186911232,0.074128694272432,0.057590514630447995,0.08768345066828799,0.083446646437888,0.087661858619392
