ct_0,ct_1,ct_2,ct_3,ct_4,ct_5
0.0602450206828,0.032071551257392,0.07580771213920001,0.06401359352708799,0.079765205278768,0.079765205278768
