ct_0,ct_1,ct_2,ct_3
0.010838720972032,0.015685156970799998,0.0048755603968,0.023308180062208
