ct_0,ct_1,ct_2,ct_3
0.063702595448368,0.051973757570608,0.066440278601728,0.042975621578751996
