ct_0,ct_1
0.010620324874672,0.0600296249932
