ct_0,ct_1
0.0600296249932,0.0285413927488
