ct_0,ct_1
0.07551170930219199,0.011453583974848
