ct_0,ct_1
0.027516660939952,0.0785351249008
