ct_0,ct_1,ct_2,ct_3,ct_4,ct_5,ct_6
0.036806169971248005,0.054244432180528004,0.07040824494380801,0.0455555442688,0.07271382620204801,0.072449226492208,0.07408253749292801
