ct_0,ct_1,ct_2,ct_3,ct_4,ct_5,ct_6
0.023756675699967998,0.0670999238512,0.06858103939115201,0.06858103939115201,0.065931195922432,0.074091861412288,0.075964061505328
