ct_0,ct_1,ct_2,ct_3,ct_4,ct_5,ct_6
0.08079189832196801,0.071795195610928,0.010458990517552,0.003721009850368,0.053188164867328004,0.0079263027952,0.005508218120128
