ct_0,ct_1,ct_2,ct_3,ct_4,ct_5,ct_6
0.023809523809523836,0.16666666666666663,0.33333333333333337,1.0,0.9666666666666667,0.25,1.0
