ct_0,ct_1,ct_2,ct_3,ct_4,ct_5,ct_6
0.091276998848512,0.07884317148395201,0.0889706952268,0.09145001894732802,0.0339176227372,0.090977444512432,0.08861447591468799
