ct_0,ct_1,ct_2,ct_3,ct_4,ct_5
0.07570447082080001,0.05864858178380801,0.084773455945648,0.072582186231232,0.068519048080048,0.079712307685312
