ct_0,ct_1,ct_2,ct_3,ct_4,ct_5
0.015013983268528002,0.030231681114111997,0.003928520771008,0.012178712850352,0.015149512492287999,0.007237925561392
