ct_0,ct_1,ct_2,ct_3
0.3928571428571429,0.33333333333333337,0.5714285714285714,1.0
