ct_0,ct_1,ct_2,ct_3
0.057682658330799996,0.0719278047232,0.058226312119551996,0.0712055563468
