ct_0,ct_1,ct_2,ct_3,ct_4,ct_5
0.016104464274688,0.0601724663152,0.0617807380012,0.05836319930924801,0.066973553336752,0.065374183788208
