ct_0,ct_1,ct_2,ct_3,ct_4,ct_5
0.0740279994892,0.064442347239472,0.069298745926192,0.075790345901488,0.068933234066992,0.046584285318448
