ct_0,ct_1,ct_2,ct_3,ct_4,ct_5
0.013041355362351998,0.056270024177200006,0.009197250640432,0.004737147641008,0.009457014429231999,0.027327358549168
