ct_0,ct_1,ct_2,ct_3,ct_4,ct_5,ct_6
0.5714285714285714,0.7916666666666666,0.5,0.125,0.03703703703703709,0.6666666666666667,0.1428571428571429
