ct_0,ct_1,ct_2,ct_3,ct_4,ct_5,ct_6
0.057649621218352,0.035420684722432004,0.069570038444992,0.069628637238208,0.069585144592048,0.052929070455472,0.069564087796912
