ct_0,ct_1,ct_2,ct_3,ct_4,ct_5
0.0593452569868,0.059048038186432006,0.056815788979887996,0.0548107967788,0.05606237299091199,0.052766715003568006
