ct_0,ct_1,ct_2,ct_3,ct_4,ct_5
0.032011452304431996,0.003869325149488,0.011606281568512,0.0140438510188,0.012407475051952,0.056691119254192
