ct_0,ct_1,ct_2,ct_3,ct_4
0.077662805394688,0.0430528868332,0.0724344061228,0.043696095114688,0.080219322713392
