ct_0,ct_1,ct_2,ct_3,ct_4
0.011590738971568,0.051764785611568005,0.021288384269872,0.03359063159699201,0.004802739773488
