ct_0,ct_1,ct_2
0.05641951849835199,0.101992814544832,0.102079401293248
