ct_0,ct_1,ct_2
0.042719779335472,0.004868370008368,0.0048158627722720004
