ct_0,ct_1,ct_2,ct_3,ct_4
0.5555555555555556,0.5,0.11111111111111116,0.18181818181818177,1.0
