ct_0,ct_1,ct_2,ct_3,ct_4
0.0418308766828,0.07361957412044799,0.0771819669232,0.075326120930608,0.0453199819948
