ct_0,ct_1,ct_2,ct_3,ct_4,ct_5,ct_6
0.032011452304431996,0.029939979212799995,0.056691119254192,0.024085602086848,0.006536416242112,0.009838892874688,0.008531549215792
