ct_0,ct_1,ct_2,ct_3,ct_4,ct_5,ct_6
0.049505516396799995,0.047074451419312005,0.075044248657072,0.058972811826112005,0.070826590405888,0.07324387072,0.071495585861632
