ct_0,ct_1,ct_2,ct_3,ct_4,ct_5,ct_6
0.086870489730352,0.071466982710208,0.051983068918192,0.08049255137195199,0.086838686144512,0.077440223643568,0.082688557371568
