ct_0,ct_1,ct_2,ct_3,ct_4,ct_5,ct_6
0.06761107278980799,0.038117477136832,0.09229673612492799,0.084872535729712,0.09017175185843199,0.0863576747008,0.092257832093632
