ct_0,ct_1,ct_2,ct_3,ct_4,ct_5
0.019350805861312,0.05420122435628799,0.0715214238208,0.07146421483955201,0.07146421483955201,0.069858132713008
