ct_0,ct_1,ct_2,ct_3
0.014998706649088,0.02339352187,0.007379050998832,0.006232942534912
