ct_0,ct_1,ct_2,ct_3
0.09147637889080001,0.086803461818368,0.09260216556467199,0.09295740907
