ct_0,ct_1
0.089715134410288,0.087550980365248
