ct_0,ct_1
0.011453253660592001,0.009821612706352
