ct_0,ct_1,ct_2,ct_3,ct_4
0.04578154240235199,0.021989982155199997,0.057268317478192006,0.059952309015472,0.05869443449924801
