ct_0,ct_1,ct_2
0.023783757963568,0.023850942949167994,0.029298270773247998
