ct_0,ct_1,ct_2
0.068421079711168,0.054394658602432006,0.044437231716352
