ct_0,ct_1,ct_2
0.022992082956591997,0.035630704480048,0.017429274437631998
