ct_0,ct_1,ct_2
0.055948918514992,0.040923775016368,0.059548592907952
