ct_0,ct_1,ct_2,ct_3
0.053959252509952,0.07678305155507201,0.07492026792371201,0.064316055547312
