ct_0,ct_1,ct_2,ct_3
0.06846299617120001,0.011771084206527999,0.009485947331008,0.025441315525888
