ct_0,ct_1,ct_2,ct_3
0.30952380952380953,0.125,0.33333333333333337,0.4375
