ct_0,ct_1,ct_2,ct_3
0.050170231448368,0.026003087496448,0.068443403872048,0.060988183834048
