ct_0,ct_1,ct_2,ct_3
0.019970190347199997,0.04022781712,0.004893069340672,0.023895749545647996
