ct_0,ct_1,ct_2,ct_3,ct_4,ct_5,ct_6
0.052306262130688,0.04103662075,0.060384479020288005,0.07937563321067201,0.078339758746048,0.080118605192128,0.080118605192128
