ct_0,ct_1,ct_2,ct_3,ct_4,ct_5
0.042653147480512,0.073931538148288,0.046450403482048,0.078227916042688,0.078227916042688,0.079810486448128
