ct_0,ct_1,ct_2
0.7142857142857143,0.8571428571428572,0.5
