ct_0,ct_1,ct_2
0.009813136529968,0.049866295173568,0.056400934095808
