ct_0,ct_1,ct_2,ct_3,ct_4
0.020493342089151996,0.046485409918768,0.019245035652352,0.004732776186928,0.007170296333488001
