ct_0,ct_1,ct_2,ct_3,ct_4
0.050260451581888,0.031039190642608,0.052280405117872006,0.060368637110272,0.05699556062540799
