ct_0,ct_1,ct_2,ct_3,ct_4,ct_5,ct_6
0.072025343227312,0.055669635512368004,0.078674151717808,0.06336169436996801,0.072255242330368,0.080810558936512,0.078856469818288
