ct_0,ct_1,ct_2,ct_3
0.7619047619047619,1.0,0.33333333333333337,1.0
