ct_0,ct_1,ct_2,ct_3
0.009879331429311999,0.056166389450800006,0.052658831165488,0.052658831165488
