ct_0,ct_1,ct_2,ct_3,ct_4
0.014856887435199998,0.07023468100019199,0.07701355488068799,0.07701355488068799,0.0771678104128
