ct_0,ct_1,ct_2,ct_3,ct_4,ct_5,ct_6
0.067701442895872,0.028157600105727997,0.067978669976512,0.0633514394608,0.069918176277952,0.075398746706368,0.070171806029488
