ct_0,ct_1
0.023051008324528,0.09283244947000001
