ct_0,ct_1
0.0734972226028,0.013483571540271999
