ct_0,ct_1,ct_2,ct_3,ct_4,ct_5
0.040749439544368,0.06242104405931201,0.047757675133888004,0.0691862921548,0.064909146646528,0.075175313090992
