ct_0,ct_1,ct_2,ct_3,ct_4,ct_5,ct_6
0.067513021348912,0.057147724601008004,0.068649430693552,0.06175904176787201,0.0781274882032,0.0799811950192,0.079980241032448
