ct_0,ct_1,ct_2,ct_3
0.075752332050688,0.018879301601728,0.0826514556928,0.0826514556928
