ct_0,ct_1,ct_2,ct_3,ct_4,ct_5,ct_6
0.0330563482432,0.011836998995632,0.0281193457228,0.013619889242800002,0.006525949368112001,0.015051333481648001,0.015051333481648001
