ct_0,ct_1,ct_2,ct_3,ct_4,ct_5,ct_6
0.051947095570432,0.058968001707567996,0.046439285096752006,0.06317049326387199,0.065569460289712,0.060052034056192,0.060052034056192
