ct_0,ct_1,ct_2,ct_3
0.019535216293888,0.040304351650048004,0.060398561658112,0.052654160290048005
