ct_0,ct_1,ct_2,ct_3,ct_4,ct_5
0.014907083674048,0.054263686029568006,0.055829058223408,0.057405909542847994,0.061066299023152,0.0591000992908
