ct_0,ct_1,ct_2,ct_3,ct_4,ct_5
0.06846299617120001,0.0415336371532,0.011771084206527999,0.007009036351792,0.007009036351792,0.005854242490288
