ct_0,ct_1,ct_2,ct_3,ct_4,ct_5
0.014494207028272,0.07282837255480001,0.0666834729712,0.071642806193968,0.071642806193968,0.07166311934660802
