ct_0,ct_1,ct_2,ct_3,ct_4,ct_5
0.8809523809523809,0.08333333333333337,0.75,0.75,0.75,1.0
