ct_0,ct_1,ct_2,ct_3
0.050393126684608,0.06171255682475199,0.06948125163520001,0.040258506830128
