ct_0,ct_1,ct_2,ct_3,ct_4,ct_5,ct_6
0.019970190347199997,0.04022781712,0.004893069340672,0.011305029845248001,0.013919212049199998,0.012224565503152,0.04076542678148801
