ct_0,ct_1,ct_2,ct_3,ct_4,ct_5,ct_6
0.06690428193068801,0.0508375434508,0.07745959150892799,0.078839372084272,0.0784284140428,0.077579137542832,0.073898460901168
