ct_0,ct_1,ct_2,ct_3,ct_4
0.036059290299952,0.020732635646511996,0.007267605353728,0.008589305060799999,0.005342974252288
