ct_0,ct_1,ct_2,ct_3,ct_4
0.094779416174848,0.077716707494848,0.09733253642987201,0.10250340943667201,0.100433808626992
