ct_0,ct_1,ct_2,ct_3,ct_4,ct_5
0.018204872924607998,0.074355871614208,0.077955146072512,0.08107290345875201,0.07540249569683201,0.080720617306048
