ct_0,ct_1,ct_2,ct_3,ct_4,ct_5
0.7857142857142857,0.4,0.09999999999999998,1.0,1.0,1.0
