ct_0,ct_1,ct_2,ct_3
0.069269484628528,0.006294650047792,0.013619889242800002,0.003617090695168
