ct_0,ct_1,ct_2,ct_3
0.010037952544767999,0.062438806712751996,0.062683183381552,0.066271365181888
