ct_0,ct_1,ct_2
0.06351155732651201,0.04235500613636801,0.028483318546431994
