ct_0,ct_1,ct_2
0.0235034213488,0.023573005818928,0.037030381231552
