ct_0,ct_1
0.011402065396672002,0.090553241816512
