ct_0,ct_1
0.0828153199168,0.013307844929200001
