ct_0,ct_1,ct_2,ct_3,ct_4,ct_5,ct_6,ct_7
0.037183148000512,0.021825227292927997,0.010485865053232001,0.007247179748608,0.051097829388208005,0.051097829388208005,0.011115135860992,0.004886190503872
