ct_0,ct_1,ct_2,ct_3
0.061878618218752,0.05015345071364801,0.058510644416512,0.067234521205168
