ct_0,ct_1,ct_2,ct_3,ct_4,ct_5
0.08112272076332801,0.052715739314608004,0.051523503805887994,0.082495395665152,0.08805028003,0.090053445516208
