ct_0,ct_1,ct_2,ct_3
0.058323519414447994,0.045809041006528,0.054951550689328,0.063664643039488
