ct_0,ct_1,ct_2,ct_3
0.017606676789808002,0.056921468018992005,0.059615243400112,0.06347586682283199
