ct_0,ct_1,ct_2,ct_3,ct_4,ct_5,ct_6
0.05331974910596801,0.038412380529088005,0.059874141668272006,0.06656817308919999,0.0550576066048,0.064788882088192,0.066645485628352
