ct_0,ct_1,ct_2,ct_3,ct_4,ct_5,ct_6
0.020033896054191997,0.042100004496831996,0.022870712510512,0.011016017105200001,0.0133514190988,0.006133330568752,0.004837737823792
