ct_0,ct_1,ct_2,ct_3,ct_4,ct_5,ct_6
0.012445087015168001,0.014969176812592001,0.014969176812592001,0.05063014096172801,0.019828098492352002,0.019828098492352002,0.007349981963199999
