ct_0,ct_1,ct_2,ct_3,ct_4,ct_5,ct_6
0.08660687498080001,0.079644652410112,0.079644652410112,0.049479173749168,0.072680909676208,0.072680909676208,0.08664647452907201
