ct_0,ct_1,ct_2,ct_3,ct_4,ct_5,ct_6
0.5,0.7777777777777778,0.7777777777777778,0.7333333333333334,0.8333333333333334,0.8333333333333334,1.0
