ct_0,ct_1,ct_2,ct_3
0.025632001557951995,0.004978151323647999,0.010790082469888,0.034894227452848
