ct_0,ct_1,ct_2,ct_3
0.05983682422163201,0.063060479910448,0.060952886415808,0.05228464375211199
