ct_0,ct_1,ct_2,ct_3,ct_4,ct_5,ct_6
0.08249250652000001,0.072807963677872,0.084757431712192,0.063066714075952,0.0865604382892,0.085994538514432,0.084667616310832
