ct_0,ct_1,ct_2,ct_3,ct_4
0.7666666666666666,0.1428571428571429,0.05555555555555558,0.9444444444444444,0.9444444444444444
