ct_0,ct_1,ct_2,ct_3,ct_4
0.043547562909952,0.088896260796352,0.08832313610079999,0.055618386860031996,0.055618386860031996
