ct_0,ct_1,ct_2,ct_3,ct_4,ct_5
0.029629304021248,0.055258269324208,0.045777438465712,0.045777438465712,0.05134452058412801,0.055258269324208
