ct_0,ct_1,ct_2,ct_3,ct_4,ct_5
1.0,0.9523809523809523,1.0,0.6666666666666667,0.1428571428571429,0.5
