ct_0,ct_1,ct_2,ct_3,ct_4,ct_5
0.024292722023871997,0.02932333675,0.009674015195391999,0.005923320174592,0.01062491875,0.007318365533871999
