ct_0,ct_1,ct_2,ct_3,ct_4,ct_5
0.048029382474928,0.044099256167872,0.06645067027,0.073512106286128,0.07522822613651199,0.07345815714347201
