ct_0,ct_1,ct_2,ct_3
0.057271354851328005,0.07231772663108799,0.070695493173808,0.065750033226688
