ct_0,ct_1,ct_2,ct_3
0.066897039030208,0.009505456520128,0.010446538434352,0.010489142833072
