ct_0,ct_1,ct_2,ct_3
0.26190476190476186,0.5,0.5714285714285714,1.0
