ct_0,ct_1,ct_2,ct_3,ct_4
0.015616933514799999,0.014117005117888002,0.013454379132928001,0.012839176065472,0.020620538994112
