ct_0,ct_1,ct_2,ct_3,ct_4
0.072616943536432,0.074666881189312,0.073928276817712,0.07493991365420799,0.064203704778688
