ct_0,ct_1,ct_2,ct_3,ct_4,ct_5,ct_6
0.0048286747888,0.011191256832688,0.015837761333248,0.011643988562368,0.03419284048,0.003683884668928,0.007606419140608001
