ct_0,ct_1,ct_2,ct_3,ct_4,ct_5,ct_6
0.0865115659852,0.079748524708288,0.06884604988000001,0.078292835820592,0.046897306330048,0.086491530837952,0.0804681785968
