ct_0,ct_1,ct_2,ct_3,ct_4,ct_5
0.0661955289712,0.050728557340672,0.094892128960768,0.097473133532608,0.09936107844279998,0.099438744202288
