ct_0,ct_1,ct_2,ct_3,ct_4,ct_5
0.9444444444444444,0.7857142857142857,0.75,0.5,1.0,1.0
