ct_0,ct_1,ct_2,ct_3,ct_4,ct_5
0.028847000319999996,0.052562886897328,0.007706010023728,0.007558094861871999,0.003651719575552,0.0036047258644479998
