ct_0,ct_1,ct_2,ct_3,ct_4,ct_5,ct_6
0.06263562053420799,0.040789410229168,0.06263562053420799,0.0713715091468,0.0712516431148,0.080084723111728,0.082879929138112
