ct_0,ct_1,ct_2,ct_3
0.0437399464048,0.0180409370992,0.047016624354352,0.060493202322352
