ct_0,ct_1,ct_2,ct_3,ct_4,ct_5,ct_6,ct_7,ct_8
0.5952380952380952,1.0,0.6,0.19999999999999996,0.8571428571428572,0.8571428571428572,0.33333333333333337,1.0,0.5
