ct_0,ct_1,ct_2,ct_3
0.012345256480767999,0.050605754474752004,0.052567131285808,0.061912731193648006
