ct_0,ct_1,ct_2,ct_3,ct_4,ct_5,ct_6,ct_7,ct_8,ct_9,ct_10
0.2857142857142857,0.40476190476190477,1.0,0.625,1.0,0.8,1.0,1.0,1.0,1.0,1.0
