ct_0,ct_1,ct_2,ct_3
0.16666666666666663,0.0625,0.23809523809523814,0.16666666666666663
