ct_0,ct_1,ct_2,ct_3
0.080222664712192,0.098173551265792,0.08832559547319999,0.09534895826027201
