ct_0,ct_1,ct_2,ct_3
0.047685973091632,0.011033793445552002,0.017659630283199997,0.017579688674992
