ct_0,ct_1,ct_2,ct_3
0.024335484736768,0.061849825538991994,0.0533636288512,0.0501274433068
