ct_0,ct_1,ct_2,ct_3,ct_4,ct_5,ct_6,ct_7
0.375,0.2571428571428571,0.16666666666666663,1.0,1.0,0.4,1.0,1.0
