ct_0,ct_1,ct_2,ct_3,ct_4,ct_5
0.03831297405280001,0.046463169812272,0.05554562618679999,0.041283760435648006,0.048632606937088,0.05026842644459201
