ct_0,ct_1,ct_2,ct_3,ct_4,ct_5
0.04403417268371201,0.018462974739712,0.016823058937792,0.03935233905452801,0.010041545096368,0.030173750438848002
