ct_0,ct_1
0.020243514830272,0.04245298972
