ct_0,ct_1
0.068980262705152,0.051607983767488
