ct_0,ct_1,ct_2,ct_3,ct_4,ct_5
0.0144776375152,0.0672948201472,0.07722585704708801,0.065636089487152,0.065636089487152,0.076874002625968
