ct_0,ct_1,ct_2,ct_3,ct_4,ct_5
0.019619788380208,0.0415336371532,0.0047708759788,0.009485947331008,0.025441315525888,0.0069832425471999995
