ct_0,ct_1,ct_2,ct_3,ct_4,ct_5
0.06035279632,0.044537109361072004,0.070516670216128,0.067207776944128,0.051131547483568004,0.072208505113648
