ct_0,ct_1,ct_2,ct_3
0.052332122358447995,0.07737173918540799,0.041139522271167996,0.07646191748396801
