ct_0,ct_1,ct_2,ct_3,ct_4
0.026669527530927994,0.013348066721199998,0.012731365202992,0.020252329037872,0.003993641340928
