ct_0,ct_1,ct_2,ct_3,ct_4
0.058692687554608006,0.070669741967152,0.07162341792683201,0.0633558980608,0.082299004649728
