ct_0,ct_1,ct_2,ct_3
1.0,1.0,0.7142857142857143,0.2777777777777778
