ct_0,ct_1,ct_2,ct_3
0.077291470195648,0.020401900241199998,0.076740650141632,0.074085800825392
