ct_0,ct_1,ct_2,ct_3
0.008584786845952,0.061306551305008,0.011649281670592,0.035800535384512
