ct_0,ct_1,ct_2,ct_3
0.0544400470528,0.05986184817284801,0.061556348716288,0.03998049385451201
