ct_0,ct_1,ct_2,ct_3
0.010184678927152,0.0048458639212000006,0.0036504826432,0.020668266701872
