ct_0,ct_1,ct_2,ct_3,ct_4,ct_5,ct_6
0.065992065458992,0.064302624304432,0.05203682896307201,0.064211759994112,0.0659677157548,0.0659677157548,0.05844301680299201
