ct_0,ct_1,ct_2,ct_3,ct_4,ct_5,ct_6
0.009403392884992,0.009457014429231999,0.027327358549168,0.0048630556672,0.0036476995959520003,0.0036476995959520003,0.0090176882668
