ct_0,ct_1,ct_2,ct_3
0.010496354252848,0.066009652923328,0.066009652923328,0.066009652923328
