ct_0,ct_1,ct_2,ct_3,ct_4,ct_5,ct_6,ct_7
0.6666666666666667,0.8,1.0,0.29166666666666663,0.75,1.0,1.0,1.0
