ct_0,ct_1,ct_2,ct_3,ct_4
0.0555736081408,0.080757929807872,0.054531709922752,0.054531709922752,0.086626918488112
