ct_0,ct_1,ct_2,ct_3,ct_4
0.035084249755648,0.0555348648688,0.07384582581395199,0.046792085647408,0.07411190900919999
