ct_0,ct_1,ct_2,ct_3
0.032011452304431996,0.029939979212799995,0.006536416242112,0.0064248180945280006
