ct_0,ct_1,ct_2,ct_3
0.0329721814528,0.030580072507312,0.058027236799408,0.060194889698992005
