ct_0,ct_1
0.041281355548672,0.018523568817088
