ct_0,ct_1
0.021766787233792,0.041281355548672
