ct_0,ct_1,ct_2,ct_3,ct_4,ct_5,ct_6
0.043661589612208,0.045996709562800005,0.062429481147328,0.064482667562032,0.069540286664752,0.06299191526660801,0.069905341292992
