ct_0,ct_1,ct_2
0.083642425686448,0.0634272474112,0.08362405025080001
