ct_0,ct_1,ct_2
0.11111111111111116,0.41666666666666663,0.5
