ct_0,ct_1,ct_2
0.013979495591872,0.042844221733552,0.004990668771328
