ct_0,ct_1,ct_2,ct_3,ct_4,ct_5
0.066978534413248,0.032420779263232,0.070439940575152,0.052438140486447994,0.07043350924484801,0.07043350924484801
