ct_0,ct_1,ct_2,ct_3
0.028548839679999997,0.062269673564608,0.078662761066672,0.077077698865072
