ct_0,ct_1,ct_2,ct_3,ct_4,ct_5
0.052912489119999996,0.040874976523312,0.059622260402608,0.0663016161868,0.045983151959488,0.06630387387999999
