ct_0,ct_1,ct_2,ct_3,ct_4,ct_5
0.017445518212912,0.050805556962352005,0.051911974678191995,0.050805556962352005,0.055826903074048,0.0578566201228
