ct_0,ct_1,ct_2,ct_3,ct_4,ct_5
0.05402890860395201,0.0116363801068,0.007978308978688,0.018114198179632002,0.005071126346800001,0.003612762847168
