ct_0,ct_1,ct_2
0.022375127339007997,0.037807719641008,0.023288381939248
