ct_0,ct_1,ct_2
0.06713209339115199,0.041031016858672,0.051536595936687996
