ct_0,ct_1,ct_2,ct_3,ct_4,ct_5,ct_6
0.057714830840752004,0.0433160675692,0.0645247873708,0.07311334368875201,0.063087644298688,0.07315189083692801,0.075072328190512
