ct_0,ct_1,ct_2,ct_3,ct_4,ct_5
0.071680202156032,0.065633838191872,0.04430726467,0.07175639665067199,0.07090298113580801,0.071680202156032
