ct_0,ct_1,ct_2,ct_3,ct_4,ct_5
0.054565129593088,0.09144753228548799,0.089235071883952,0.084115780628272,0.059177119656112,0.095295532489648
