ct_0,ct_1,ct_2,ct_3,ct_4,ct_5
0.45238095238095233,0.6,0.5714285714285714,1.0,0.4444444444444444,1.0
