ct_0,ct_1,ct_2,ct_3
0.032135858188288,0.07644168349547201,0.08829805173611201,0.086604919594432
