ct_0,ct_1,ct_2,ct_3
0.065053725687232,0.004977525487552,0.030243344961327995,0.005067368302768
