ct_0,ct_1,ct_2,ct_3
0.0524389888492,0.0742518204172,0.04236992215475201,0.07411797022508801
