ct_0,ct_1,ct_2,ct_3,ct_4,ct_5,ct_6,ct_7,ct_8
0.16666666666666663,0.38095238095238093,0.7272727272727273,1.0,0.5,0.5,0.25,1.0,1.0
