ct_0,ct_1
0.063293931266992,0.060561015998128
