ct_0,ct_1
0.023573005818928,0.037030381231552
