ct_0,ct_1,ct_2,ct_3,ct_4
0.7380952380952381,0.4545454545454546,0.25,0.07999999999999996,1.0
