ct_0,ct_1,ct_2,ct_3,ct_4
0.029560720226991997,0.0816655673968,0.088367900059312,0.08763977757227201,0.090385719509248
