ct_0,ct_1,ct_2,ct_3,ct_4,ct_5,ct_6
0.016873302807808,0.062486328605632004,0.07228856533120001,0.070405488996352,0.06734288889491201,0.06734288889491201,0.072357539655472
