ct_0,ct_1,ct_2,ct_3,ct_4,ct_5,ct_6
0.030768699979312,0.050936901723952,0.047738607327232,0.05904322643320001,0.042073034062768,0.059082598394800005,0.05904322643320001
