ct_0,ct_1,ct_2,ct_3,ct_4,ct_5
0.016823058937792,0.03935233905452801,0.028200322140207998,0.023329060914112,0.004735898636848,0.004735898636848
