ct_0,ct_1,ct_2,ct_3,ct_4,ct_5
0.06082762523948801,0.040581657017008,0.0570510382912,0.0407906094832,0.064223843342128,0.064223843342128
