ct_0,ct_1,ct_2
0.030124487876271998,0.06733155105131201,0.062069184820671995
