ct_0,ct_1
0.056575604045247994,0.057066643935232
