ct_0,ct_1
0.046034100555712,0.029951622275631997
