ct_0,ct_1,ct_2,ct_3,ct_4,ct_5,ct_6
0.044940816138688,0.041622357787072004,0.017657207132847998,0.0485772390988,0.0043111053808,0.013122315629872,0.014916243137199999
