ct_0,ct_1,ct_2,ct_3,ct_4,ct_5,ct_6
0.065143571434432,0.056869488292911996,0.0932300081728,0.081810577523968,0.10049226252280001,0.09071689432883201,0.1015864922572
