ct_0,ct_1,ct_2,ct_3
0.066410461569472,0.079165371533488,0.021355160010928,0.0708003653452
