ct_0,ct_1,ct_2,ct_3,ct_4
0.0611616627052,0.010117012829632,0.05248353274720001,0.065895132516352,0.065895132516352
