ct_0,ct_1,ct_2,ct_3,ct_4,ct_5,ct_6,ct_7,ct_8,ct_9,ct_10,ct_11,ct_12,ct_13,ct_14
0.07834118078507199,0.077842049624368,0.079084071236032,0.0681101242252,0.087836114890672,0.08302029065080001,0.087889149667888,0.073702416283072,0.086359628338432,0.08834379550028801,0.076361233907968,0.083339873576368,0.08820953664683201,0.088110236381488,0.08276663217515201
