ct_0,ct_1,ct_2,ct_3,ct_4,ct_5
0.047843502888112004,0.042550217244592,0.0710097839728,0.072759267434752,0.08295130660652801,0.081961913770288
