ct_0,ct_1,ct_2,ct_3,ct_4,ct_5,ct_6,ct_7
0.3571428571428571,0.6666666666666667,0.6,0.875,1.0,0.8333333333333334,1.0,0.5
