ct_0,ct_1,ct_2,ct_3,ct_4,ct_5,ct_6
0.063971566466992,0.0414814682572,0.06485528917196799,0.053032414533568,0.056887679781808,0.061080865865728,0.07036920525572801
