ct_0,ct_1,ct_2,ct_3,ct_4,ct_5,ct_6
0.012417126627328,0.04601396605508801,0.0101140716652,0.016506190845952,0.013458069765808,0.010280520797632,0.004946863752448001
