ct_0,ct_1,ct_2,ct_3,ct_4,ct_5,ct_6
0.047342742380799996,0.034153936778032,0.061569177617968,0.061115300324800004,0.057379860219328005,0.05553099092651201,0.06281125215236799
