ct_0,ct_1,ct_2,ct_3,ct_4,ct_5,ct_6
0.019489968037167998,0.072180281954752,0.0696025407148,0.079332330243328,0.07394318610308799,0.077563541445568,0.07937801270195201
