ct_0,ct_1,ct_2,ct_3,ct_4,ct_5
0.0233377021168,0.061703703629872,0.06079191211268801,0.070297572187312,0.070436724888832,0.067146140612608
