ct_0,ct_1,ct_2,ct_3,ct_4
0.021747193636912,0.066209972083648,0.069228341916208,0.076061769781552,0.076061769781552
