ct_0,ct_1,ct_2,ct_3,ct_4,ct_5,ct_6,ct_7,ct_8
0.046102737804208,0.080428995708928,0.07469445156740799,0.080579547045808,0.047663597402800004,0.073342856594608,0.078578770383808,0.080580025123072,0.07695744200339201
