ct_0,ct_1
0.010353515002288,0.048965551962928
