ct_0,ct_1,ct_2,ct_3
0.015565106801968,0.07510930432,0.06899989873220799,0.075061564001728
