ct_0,ct_1,ct_2,ct_3
0.071750392594432,0.012376528349632,0.010340418709168001,0.0049237165121920005
