ct_0,ct_1,ct_2,ct_3,ct_4
0.07956320333444801,0.07240569417476801,0.0738206766592,0.034661917480192005,0.081510081237952
