ct_0,ct_1,ct_2,ct_3
0.062821038129712,0.058008514711551995,0.052948204398592,0.066418593114112
