ct_0,ct_1
0.073161644673328,0.010759528769200001
