ct_0,ct_1
0.019453499290671996,0.063720457565488
