ct_0,ct_1,ct_2,ct_3,ct_4,ct_5,ct_6
0.0759790911148,0.08081390841668801,0.083361611235328,0.08332586578988802,0.07017914825540801,0.082745906405632,0.08130003116876801
