ct_0,ct_1,ct_2,ct_3,ct_4,ct_5,ct_6
0.008589305060799999,0.005342974252288,0.003691618055728,0.003714512045488,0.014156801843200001,0.004087047270832,0.007571854074111999
