ct_0,ct_1,ct_2,ct_3,ct_4,ct_5,ct_6
0.04458237712,0.059814875698432,0.070286553581488,0.0791858194432,0.070709749471168,0.077135725201408,0.07011995785619199
