ct_0,ct_1
0.021776406865072,0.023222167216432
