ct_0,ct_1
0.080467700721712,0.0811811722048
