ct_0,ct_1,ct_2,ct_3,ct_4,ct_5
0.053501718107391995,0.075044248657072,0.06742408362999999,0.039266686725568004,0.076759494350272,0.074881448700208
