ct_0,ct_1
0.09171870556364799,0.056805397098928
