ct_0,ct_1
0.011590738971568,0.051764785611568005
