ct_0,ct_1,ct_2,ct_3,ct_4
0.052304566490368,0.052840651851952,0.0591219773548,0.052775637028288,0.052775637028288
