ct_0,ct_1,ct_2,ct_3,ct_4
0.070223206255792,0.010753616012848,0.009650246753968,0.0108038833648,0.0108038833648
