ct_0,ct_1,ct_2,ct_3,ct_4,ct_5,ct_6
0.060003703586752,0.0463524186688,0.06860656987000001,0.060038851982272004,0.0628148106412,0.057600944043568,0.060023473878831994
