ct_0,ct_1,ct_2,ct_3
0.056270024177200006,0.0083619911212,0.007385760253888001,0.007385760253888001
