ct_0,ct_1,ct_2,ct_3
0.026897834168368,0.068711911735552,0.07380065228228799,0.07380065228228799
