ct_0,ct_1,ct_2,ct_3,ct_4,ct_5,ct_6
0.11562682662635199,0.05779745760299201,0.10396973346092801,0.10265726946860801,0.104139890141632,0.104139890141632,0.113463714409648
