ct_0,ct_1,ct_2,ct_3,ct_4,ct_5,ct_6
0.0037073958392320003,0.068929125203968,0.012062493675952001,0.011582141759152,0.010638701392048,0.010638701392048,0.008680996837312
