ct_0,ct_1,ct_2,ct_3,ct_4
0.058529409303471995,0.0557760478192,0.053267361030592,0.053706888257200006,0.05367445722347201
