ct_0,ct_1,ct_2,ct_3,ct_4
0.044857474781632,0.011506775837488,0.014322525867952001,0.013543318912048002,0.016047660386752
