ct_0,ct_1,ct_2,ct_3,ct_4,ct_5,ct_6
0.056912803867312,0.045403522697392,0.062104656697792006,0.074065755308992,0.058205829965487996,0.07591616052971199,0.077778661492528
