ct_0,ct_1,ct_2,ct_3
0.034838150725888,0.055008651170752,0.06143340508,0.06143340508
