ct_0,ct_1,ct_2
0.020669681096368,0.04212053683,0.060126747163072
