ct_0,ct_1,ct_2
0.05071930250387201,0.017842527083968,0.014801625639088
