ct_0,ct_1,ct_2,ct_3,ct_4,ct_5,ct_6
0.625,0.5714285714285714,0.5,1.0,0.8333333333333334,0.5333333333333333,0.5
