ct_0,ct_1,ct_2,ct_3,ct_4,ct_5,ct_6
0.068598363349168,0.07005069123524801,0.068653534789888,0.081317289306112,0.07828857052,0.05518348217540801,0.08135372682879999
