ct_0,ct_1
0.067810931898928,0.009974936602672
