ct_0,ct_1
0.014221244072752,0.0733995703852
