ct_0,ct_1,ct_2,ct_3,ct_4,ct_5
0.014233731290368002,0.062680516044208,0.072351983966128,0.06431247380651199,0.06431247380651199,0.06431247380651199
