ct_0,ct_1,ct_2,ct_3,ct_4,ct_5
0.014743337470000001,0.029382088634368,0.006204789512367999,0.012033289505968001,0.019081282527232,0.0047209116652000005
