ct_0,ct_1,ct_2,ct_3,ct_4,ct_5
0.0687639156208,0.058768255540672006,0.07612567617284799,0.06571129515827201,0.056580361882288,0.076161865553152
