ct_0,ct_1,ct_2,ct_3
0.020200861697199996,0.050634766313008,0.068753878908928,0.06705371607884801
