ct_0,ct_1,ct_2
0.062169407127807996,0.06619056435563199,0.075851367635248
