ct_0,ct_1,ct_2
0.082675065259312,0.077124873754672,0.012681995912368
