ct_0,ct_1,ct_2
0.1428571428571429,0.1428571428571429,0.16666666666666663
