ct_0,ct_1
0.072553920540208,0.010152966049792
