ct_0,ct_1
0.011933780120368002,0.06668121164919999
