ct_0,ct_1,ct_2,ct_3
0.042877366317232005,0.029806331299071998,0.044583192852928,0.05570237214635199
