ct_0,ct_1,ct_2
0.022278925669552,0.092727025588672,0.08371787475947201
