ct_0,ct_1,ct_2
0.0734972226028,0.0047677525612,0.009414440248768
