ct_0,ct_1,ct_2,ct_3,ct_4,ct_5
0.06642717671492801,0.06300749634092799,0.073951572964912,0.0812961961792,0.05335255154579201,0.081394005686272
