ct_0,ct_1,ct_2,ct_3,ct_4,ct_5,ct_6
0.045924413217712,0.038671015118128,0.052312196980672,0.05882942775443201,0.04775808967172801,0.057140786035888,0.058934333804992
