ct_0,ct_1,ct_2,ct_3,ct_4
0.065930745095728,0.035191931111872,0.081259287232048,0.086488598987008,0.082724700295168
