ct_0,ct_1,ct_2,ct_3,ct_4
0.034931364108208005,0.047538091656448005,0.0084038748748,0.0049725189231999995,0.0086522549452
