ct_0,ct_1,ct_2,ct_3,ct_4,ct_5
0.051590240108800006,0.009822590764288,0.058109545848832,0.058133504015152,0.060013368844288,0.060001506995632
