ct_0,ct_1,ct_2,ct_3,ct_4,ct_5
0.021051718828287998,0.051590240108800006,0.011311958479408,0.004950930648111999,0.0036146176184319997,0.003622964474032
