ct_0,ct_1,ct_2,ct_3,ct_4
0.06081616114892801,0.07833738869828799,0.043165402533808,0.092711540012848,0.092711540012848
