ct_0,ct_1,ct_2,ct_3,ct_4
0.075512646961072,0.017657207132847998,0.0485772390988,0.014916243137199999,0.007551695772592
