ct_0,ct_1,ct_2,ct_3,ct_4
0.3571428571428571,0.7272727272727273,0.88,0.09999999999999998,0.25
