ct_0,ct_1,ct_2
0.017770101631792,0.018480035943088,0.015312056919999999
