ct_0,ct_1,ct_2
0.042519147393472005,0.052224463243312,0.045429738954928
