ct_0,ct_1,ct_2,ct_3,ct_4,ct_5
0.006070445291967999,0.005010699563008,0.005134092079552,0.0039973636672,0.009447263307952,0.0502365288652
