ct_0,ct_1,ct_2,ct_3,ct_4,ct_5
0.084507478472752,0.08245446900971201,0.08226484345412799,0.084024723902128,0.07584244816307201,0.048954709024432004
