ct_0,ct_1,ct_2,ct_3,ct_4,ct_5
0.07997022438020801,0.03419322570923201,0.08008520029388799,0.08502997164279999,0.0763316009548,0.07997022438020801
