ct_0,ct_1,ct_2,ct_3,ct_4
0.067810931898928,0.011644981003311999,0.009974936602672,0.004722160503472,0.004722160503472
