ct_0,ct_1,ct_2,ct_3,ct_4
0.017168253837568,0.069133283313712,0.068192490452992,0.074080672750528,0.074080672750528
