ct_0,ct_1,ct_2,ct_3,ct_4
0.006991521422272001,0.069500013147952,0.0744851788972,0.0744851788972,0.074490315212032
