ct_0,ct_1,ct_2,ct_3
0.0219525216748,0.0662226105328,0.066929181088048,0.075094325997568
