ct_0,ct_1,ct_2,ct_3
0.16666666666666663,0.33333333333333337,0.4285714285714286,1.0
