ct_0,ct_1,ct_2,ct_3
0.06765375591275201,0.077707723031728,0.075991773035968,0.06983934349868799
