ct_0,ct_1,ct_2,ct_3
0.0689167990348,0.009706582177792,0.010552092960688,0.010144467072448
