ct_0,ct_1,ct_2,ct_3,ct_4,ct_5,ct_6,ct_7
0.38095238095238093,0.2857142857142857,0.16666666666666663,1.0,0.6666666666666667,0.375,0.375,1.0
