ct_0,ct_1,ct_2,ct_3,ct_4
0.010037952544767999,0.056130992325807996,0.056368523263408,0.059857018770688,0.056368523263408
