ct_0,ct_1,ct_2,ct_3
0.046485409918768,0.0176700156928,0.05992024830899201,0.0595534156288
