ct_0,ct_1,ct_2,ct_3
0.020493342089151996,0.046485409918768,0.007170296333488001,0.007437210534447999
