ct_0,ct_1,ct_2
0.0112598381068,0.09022671426500799,0.08413612726148799
