ct_0,ct_1,ct_2
0.085991124181552,0.014562197555200001,0.012649982707888
