ct_0,ct_1,ct_2,ct_3
0.0320548126732,0.010210185900591999,0.008763385097392,0.008763385097392
