ct_0,ct_1,ct_2,ct_3
0.050673034592512,0.0698040603628,0.07451039453675201,0.07451039453675201
