ct_0,ct_1,ct_2,ct_3,ct_4,ct_5,ct_6
0.8571428571428572,0.9583333333333334,0.875,0.5,0.33333333333333337,0.7142857142857143,1.0
