ct_0,ct_1,ct_2,ct_3,ct_4,ct_5,ct_6
0.06398363728787199,0.039439222153648,0.060693179399728,0.07937801270195201,0.083494490500528,0.07626435158060801,0.083645327185072
