ct_0,ct_1,ct_2,ct_3,ct_4,ct_5,ct_6
0.069132826391488,0.055060613006128,0.045951110455552,0.068372338244272,0.069132826391488,0.070983078903808,0.0762399016432
