ct_0,ct_1,ct_2,ct_3,ct_4,ct_5
0.076056131749552,0.012551991802288,0.057900567334911994,0.005958347975727999,0.005256677655088,0.023774368895151998
