ct_0,ct_1,ct_2,ct_3,ct_4,ct_5
0.0607138920448,0.085038234673408,0.0331731031948,0.08395645139756801,0.085038234673408,0.0691702968832
