ct_0,ct_1,ct_2,ct_3,ct_4,ct_5
0.073387017864448,0.012502025213487998,0.0105215975152,0.004959377744128,0.007430498358208,0.003733078213168
