ct_0,ct_1,ct_2,ct_3,ct_4,ct_5
0.015210018520000002,0.079806196318768,0.081733260993712,0.081630047133952,0.079736134112512,0.08352832474628799
