ct_0,ct_1,ct_2,ct_3,ct_4,ct_5
0.11904761904761907,0.33333333333333337,0.1428571428571429,1.0,1.0,0.6666666666666667
