ct_0,ct_1,ct_2,ct_3,ct_4,ct_5
0.076705792,0.009782496765232,0.010971916328752,0.029995197232047997,0.005071439522752,0.006159253049008
