ct_0,ct_1,ct_2,ct_3,ct_4,ct_5
0.073742450956288,0.081395923879168,0.083385283120432,0.048822555553791995,0.0812410743148,0.081395923879168
