ct_0,ct_1,ct_2,ct_3,ct_4,ct_5,ct_6,ct_7
0.25,0.4285714285714286,0.5,0.8333333333333334,0.8,0.8,1.0,1.0
