ct_0,ct_1
0.06771188988779199,0.024288011613231995
