ct_0,ct_1
0.7857142857142857,0.05555555555555558
