ct_0,ct_1
0.023444678185648,0.07782691075
