ct_0,ct_1,ct_2,ct_3
0.011109206292928001,0.056247565763248006,0.0662384095468,0.061815279141808
