ct_0,ct_1,ct_2,ct_3,ct_4,ct_5,ct_6
0.010907109774592002,0.050470420285887996,0.015917717021632,0.003673368129472,0.019556968633792,0.018905144639488,0.003665326743808
