ct_0,ct_1,ct_2,ct_3,ct_4,ct_5,ct_6
0.0627703335052,0.056592473211952,0.048198401089791995,0.064435627866112,0.043880500805632,0.04805885698892799,0.06444727490348799
