ct_0,ct_1,ct_2
0.0095776675648,0.057398528585392,0.059054599836592
