ct_0,ct_1,ct_2
0.068929125203968,0.0095776675648,0.009710816520112
