ct_0,ct_1,ct_2,ct_3,ct_4,ct_5,ct_6
0.06509774578508801,0.047947208952112,0.060248978870272,0.070532294771968,0.04470477568,0.070632039731632,0.068711911735552
