ct_0,ct_1,ct_2,ct_3,ct_4,ct_5
0.5,0.33333333333333337,0.41666666666666663,0.6666666666666667,1.0,0.5
