ct_0,ct_1,ct_2,ct_3,ct_4,ct_5
0.032776464283648,0.0063009808810719995,0.041896413299968,0.041538453479728,0.008588014124992,0.004959064877488
