ct_0,ct_1,ct_2,ct_3,ct_4,ct_5
0.058477046168752,0.076638915302848,0.056044682239408006,0.0458858113612,0.06952792930604801,0.076716625780528
