ct_0,ct_1,ct_2,ct_3,ct_4,ct_5,ct_6
0.044327222544832005,0.05902573003,0.071088995405248,0.078140276383408,0.066059716745392,0.070859260635568,0.078140276383408
