ct_0,ct_1,ct_2,ct_3,ct_4,ct_5,ct_6
0.039451920870832005,0.017372954429872,0.0096069544432,0.007208891277568,0.025129129230592,0.011081538676672002,0.004870558339072
