ct_0,ct_1,ct_2,ct_3,ct_4,ct_5,ct_6,ct_7
0.5,0.2777777777777778,0.25,1.0,1.0,1.0,0.09999999999999998,0.2857142857142857
