ct_0,ct_1,ct_2,ct_3,ct_4,ct_5,ct_6
0.022076355920128,0.033943778285488,0.0178466866288,0.005887041338032,0.007478450833408,0.013681715592111999,0.005348311095472
