ct_0,ct_1,ct_2,ct_3,ct_4
0.022698521734191998,0.06365482108,0.044272241578671996,0.044272241578671996,0.065349898096048
