ct_0,ct_1,ct_2,ct_3,ct_4,ct_5
0.06283171421828801,0.021619365092800002,0.04842328867000001,0.062776559784112,0.062347343820208005,0.05806642773572801
