ct_0,ct_1,ct_2,ct_3,ct_4,ct_5
0.004993172426752001,0.060414845810992004,0.015954635603392,0.0050319861568000005,0.005334812504511999,0.008431912927168
