ct_0,ct_1,ct_2,ct_3,ct_4,ct_5
0.041628381078832,0.0390281832448,0.058692687554608006,0.046630444202800006,0.055430723223808,0.06218981176364801
