ct_0,ct_1,ct_2,ct_3,ct_4,ct_5
0.031049777489199997,0.022016031721647997,0.009702673683712,0.015454360077568001,0.00852638803,0.0036396600748
