ct_0,ct_1,ct_2,ct_3,ct_4,ct_5
0.034475445299248,0.064227871264768,0.058738112608047996,0.06256362832,0.050547743138752,0.050547743138752
