ct_0,ct_1,ct_2,ct_3,ct_4,ct_5
0.066589872304048,0.028350868979968,0.05634605460587201,0.075872963438512,0.075872963438512,0.074147812186048
