ct_0,ct_1,ct_2,ct_3,ct_4,ct_5
0.018186107803648,0.044308893806512,0.018039548635072,0.003813877235968,0.003813877235968,0.0049615678348
