ct_0,ct_1,ct_2,ct_3,ct_4,ct_5,ct_6
0.33333333333333337,0.5,0.33333333333333337,0.1428571428571429,0.5714285714285714,0.5833333333333333,0.5833333333333333
