ct_0,ct_1,ct_2,ct_3,ct_4,ct_5,ct_6
0.069911300308912,0.056723578427392,0.077291470195648,0.082760366076352,0.0696780909808,0.0486667511152,0.0486667511152
