ct_0,ct_1,ct_2,ct_3,ct_4,ct_5,ct_6,ct_7
0.7380952380952381,0.4545454545454546,0.2857142857142857,0.09999999999999998,1.0,1.0,0.5,1.0
