ct_0,ct_1,ct_2,ct_3,ct_4,ct_5,ct_6
0.4722222222222222,0.11111111111111116,0.2727272727272727,0.33333333333333337,0.8571428571428572,1.0,1.0
