ct_0,ct_1,ct_2,ct_3,ct_4,ct_5,ct_6
0.049298630829999995,0.0802460598892,0.076484035531312,0.0746907130348,0.071159017481152,0.047730732027568,0.078132698126512
