ct_0,ct_1,ct_2,ct_3,ct_4
0.07617643674999999,0.079300452411952,0.078096230858752,0.07148451328,0.03523920804044801
