ct_0,ct_1,ct_2,ct_3,ct_4,ct_5
0.038058396946432003,0.070389413256112,0.062655622395568,0.05934087679479999,0.067125296646592,0.074243423539888
