ct_0,ct_1,ct_2
0.074284011040192,0.050554047921711996,0.084871564184752
