ct_0,ct_1,ct_2
0.024620271721647994,0.054099870305200005,0.008938039811632
