ct_0,ct_1,ct_2,ct_3,ct_4
0.021776406865072,0.021081857221167996,0.007109718229168,0.008717822291968,0.03501262830212801
