ct_0,ct_1,ct_2,ct_3,ct_4
0.08523710873771201,0.078427939869952,0.08345727772,0.081046561546672,0.047949283624192006
