ct_0,ct_1,ct_2
0.04925519087531201,0.028744818039232,0.064834647105472
