ct_0,ct_1,ct_2,ct_3,ct_4
0.05031586233491201,0.034811472317488004,0.05674392198635199,0.0518819362288,0.06070287444280001
