ct_0,ct_1,ct_2,ct_3,ct_4,ct_5,ct_6,ct_7,ct_8,ct_9,ct_10,ct_11
0.020982247032831997,0.022584196722687997,0.020360964383152,0.004938417589552,0.009390397265152,0.004970328620848,0.006151665380272,0.005055155518912,0.008203931127232,0.008203931127232,0.0050006837248,0.006882350926768
