ct_0,ct_1,ct_2,ct_3,ct_4,ct_5,ct_6,ct_7,ct_8,ct_9,ct_10,ct_11,ct_12
0.08365693349060799,0.07563926263595201,0.054191386182832,0.08084836267,0.085390861020208,0.07779190549163201,0.080136741052672,0.078372941682688,0.088994853679552,0.085244891589808,0.0830806058608,0.087075588145408,0.08543271993092799
