ct_0,ct_1,ct_2,ct_3
0.048063008678848,0.07918724610116801,0.08880164414252799,0.051539974685872
