ct_0,ct_1,ct_2,ct_3
0.06786819508868801,0.010166369469999999,0.003844230764992,0.031937689419568
