ct_0,ct_1,ct_2,ct_3,ct_4,ct_5
0.014347858466752,0.078408973664512,0.0899807042032,0.0899807042032,0.09023216156972799,0.08031960109355199
