ct_0,ct_1,ct_2,ct_3,ct_4,ct_5
0.08079189832196801,0.011526274115008,0.011109206292928001,0.0038783109368320003,0.003721009850368,0.010206261408688
