ct_0,ct_1,ct_2,ct_3,ct_4,ct_5,ct_6
0.033151660196272,0.07457671435307199,0.094904207901952,0.094904207901952,0.090007423332352,0.090007423332352,0.096107540083648
