ct_0,ct_1,ct_2,ct_3,ct_4,ct_5,ct_6
0.05555555555555558,0.125,0.6666666666666667,0.6666666666666667,1.0,0.375,1.0
