ct_0,ct_1,ct_2,ct_3,ct_4,ct_5,ct_6
0.084831733817008,0.08457055184363199,0.082238383549888,0.082563299530288,0.070351295017408,0.08083974868676799,0.071711138902192
