ct_0,ct_1,ct_2,ct_3,ct_4,ct_5,ct_6
0.027085883751088,0.01349565307,0.0071125870145919996,0.0064542924268,0.01354600483,0.012982172659648001,0.012558322290688
