ct_0,ct_1,ct_2,ct_3,ct_4,ct_5
0.015378764005312,0.011227521118768,0.005191135940608,0.005191135940608,0.016792783857088,0.0038067546507999997
