ct_0,ct_1,ct_2,ct_3,ct_4,ct_5
0.073401430071472,0.075487800168448,0.08391869100851201,0.08391869100851201,0.073700554360768,0.084026660961328
