ct_0,ct_1,ct_2,ct_3,ct_4,ct_5,ct_6
0.06490061838404801,0.068662199223088,0.07831226751999999,0.07831226751999999,0.057469743530800005,0.078380052862768,0.07255948075
