ct_0,ct_1,ct_2,ct_3,ct_4,ct_5,ct_6
0.06807463811396801,0.01023995068,0.009866611419568001,0.009866611419568001,0.018737598312448,0.0059154324989920005,0.013036338829312
