ct_0,ct_1,ct_2,ct_3,ct_4,ct_5,ct_6
0.076705792,0.009782496765232,0.010971916328752,0.0048058641587680005,0.029995197232047997,0.006159253049008,0.012445087015168001
