ct_0,ct_1,ct_2,ct_3,ct_4,ct_5,ct_6
0.032821550890432,0.069475303166128,0.06952701397120001,0.0784734644032,0.067804115766208,0.07469445156740799,0.0729350825452
