ct_0,ct_1,ct_2,ct_3,ct_4
0.07036874600243201,0.011115465289648,0.037477299608512,0.003736791819952,0.0060856104688000005
