ct_0,ct_1,ct_2,ct_3,ct_4
0.048353010122752005,0.07333727888363199,0.035572836467968,0.0768919138828,0.073375860596992
