ct_0,ct_1,ct_2,ct_3,ct_4,ct_5,ct_6
0.073756883626288,0.056032170145792,0.07193057779859201,0.064701415162672,0.071208321309232,0.0469356949132,0.0755707885612
