ct_0,ct_1,ct_2,ct_3,ct_4,ct_5,ct_6
0.375,0.4285714285714286,0.33333333333333337,0.38095238095238093,1.0,0.9444444444444444,0.6666666666666667
