ct_0,ct_1,ct_2,ct_3,ct_4
0.020018054974912,0.004865243895088,0.011400744683968,0.0135090783052,0.0485668333168
