ct_0,ct_1,ct_2,ct_3,ct_4
0.05823328520320001,0.0582093161548,0.057740050439728005,0.057798327524272004,0.0534062393152
