ct_0,ct_1,ct_2,ct_3,ct_4
0.0714285714285714,0.5,0.16666666666666663,0.1428571428571429,0.125
