ct_0,ct_1,ct_2,ct_3
0.01343693392,0.0659068525168,0.074797282883248,0.071278838360512
