ct_0,ct_1,ct_2,ct_3,ct_4,ct_5,ct_6
0.028239710831152,0.07345397192012801,0.072645679911472,0.07162064829880001,0.0781038080512,0.082770006288832,0.083118249392128
