ct_0,ct_1,ct_2,ct_3,ct_4,ct_5,ct_6
0.022066716669999997,0.033775760084992,0.018170472127407997,0.009561725428912,0.009239100157888001,0.014748758546992,0.014748758546992
