ct_0,ct_1,ct_2,ct_3,ct_4,ct_5,ct_6
0.06353922127019199,0.053370872020527996,0.059994038747392,0.063680716238848,0.060764139155392,0.05833398374699201,0.05833398374699201
