ct_0,ct_1,ct_2,ct_3,ct_4
0.067408659036592,0.063739214276272,0.052918866401200006,0.060190932467968,0.060190932467968
