ct_0,ct_1,ct_2,ct_3,ct_4,ct_5,ct_6,ct_7,ct_8
0.375,0.3142857142857143,1.0,0.4,0.4,0.75,1.0,0.5833333333333333,0.2222222222222222
