ct_0,ct_1
0.012959442999232,0.069489945814192
