ct_0,ct_1,ct_2,ct_3,ct_4,ct_5,ct_6
0.046493647634608004,0.023412253146928,0.053056663124272,0.057342094225072006,0.061099406844352,0.05450386421291201,0.061099406844352
