ct_0,ct_1,ct_2,ct_3,ct_4,ct_5,ct_6
0.7142857142857143,0.9166666666666666,0.375,0.5,0.33333333333333337,0.7142857142857143,1.0
