ct_0,ct_1,ct_2,ct_3,ct_4,ct_5,ct_6
0.044761513373872006,0.091174131351088,0.08896379319275201,0.083849477281072,0.067536168748288,0.09501847916804801,0.090894042544048
