ct_0,ct_1
0.08016156056780799,0.033234000762112
