ct_0,ct_1
0.003732149830912,0.0501001810432
