ct_0,ct_1,ct_2,ct_3,ct_4,ct_5
0.063259611523072,0.042770677682608005,0.066345419290048,0.079168700154112,0.079168700154112,0.079168700154112
