ct_0,ct_1,ct_2,ct_3,ct_4
0.049954704257968004,0.026005285915071997,0.0607579678528,0.06820068311699201,0.06820068311699201
