ct_0,ct_1,ct_2,ct_3,ct_4
0.019970894123007996,0.040017909470127996,0.024428299441407994,0.0036854313030880003,0.0036854313030880003
