ct_0,ct_1,ct_2,ct_3,ct_4
0.065379131182528,0.034810699091632,0.04880255250227201,0.061094109266368005,0.067073194730032
