ct_0,ct_1,ct_2,ct_3,ct_4
0.016301066034111997,0.049561139914288004,0.05056287494444799,0.0542645417968,0.0542645417968
