ct_0,ct_1,ct_2,ct_3,ct_4
0.010543566599728,0.0540720812608,0.049684151395888006,0.0540720812608,0.053740177928368
