ct_0,ct_1,ct_2,ct_3,ct_4,ct_5,ct_6,ct_7,ct_8,ct_9,ct_10
0.125,0.8571428571428572,1.0,0.2857142857142857,1.0,1.0,0.1428571428571429,0.040000000000000036,0.040000000000000036,0.19999999999999996,0.6666666666666667
