ct_0,ct_1,ct_2
0.013430560290352,0.067667379793072,0.074788400347072
