ct_0,ct_1,ct_2
0.06672870394720001,0.010919607921088,0.004712794553392
