ct_0,ct_1,ct_2
0.06771188988779199,0.0116413420912,0.0058586571754719995
