ct_0,ct_1,ct_2
0.008122568088112,0.065973126582448,0.06920091732932801
