ct_0,ct_1
0.048380869079728,0.05032929751187199
