ct_0,ct_1
0.06786819508868801,0.031937689419568
