ct_0,ct_1,ct_2,ct_3,ct_4,ct_5,ct_6
0.052925669048752,0.043499700150208,0.06509774578508801,0.060012929505327994,0.057346868874688,0.067015669368832,0.066769871643952
