ct_0,ct_1,ct_2,ct_3,ct_4
0.056745220576191996,0.055843713811888,0.022021741830831998,0.052646941870000005,0.056745220576191996
