ct_0,ct_1,ct_2,ct_3,ct_4
0.2857142857142857,0.16666666666666663,0.5714285714285714,1.0,0.6666666666666667
