ct_0,ct_1,ct_2,ct_3
0.04989981067820799,0.070432131124672,0.06900172542059199,0.06974725153451201
