ct_0,ct_1,ct_2,ct_3
0.027127211009199997,0.067450852206592,0.07251314947,0.07251314947
