ct_0,ct_1,ct_2,ct_3,ct_4,ct_5,ct_6,ct_7,ct_8
0.018539592312831997,0.068683633634752,0.066106181886208,0.070280585377792,0.070280585377792,0.075356105831728,0.073501408549312,0.073501408549312,0.073380509397952
