ct_0,ct_1,ct_2
0.021288384269872,0.03359063159699201,0.004802739773488
