ct_0,ct_1,ct_2
0.0879839498752,0.0785920552432,0.0939414717952
