ct_0,ct_1,ct_2,ct_3,ct_4
0.003840203799088,0.011428812803248,0.013608803915007999,0.013476860063152,0.016032950009008
