ct_0,ct_1,ct_2,ct_3,ct_4
0.06019445000319999,0.056026992940288,0.056068845579952,0.055583079782848,0.0539075594572
