ct_0,ct_1,ct_2,ct_3,ct_4
1.0,0.5,0.4285714285714286,0.4444444444444444,0.4545454545454546
