ct_0,ct_1,ct_2,ct_3,ct_4,ct_5,ct_6
0.044857474781632,0.019007865068992,0.0110489382412,0.003673986721792,0.0101598310348,0.0060871902892,0.0049571876957920005
