ct_0,ct_1,ct_2,ct_3,ct_4,ct_5,ct_6
0.0345611279788,0.05719326442316801,0.067029256779712,0.070528618316032,0.06133836856120001,0.0670070644108,0.068640310730032
