ct_0,ct_1,ct_2,ct_3
0.011108547469312,0.067780033654192,0.069754580959408,0.064573189767088
