ct_0,ct_1,ct_2,ct_3
0.059307590159152,0.014138588289472,0.004868057393152,0.010977510344128001
