ct_0,ct_1,ct_2,ct_3,ct_4,ct_5,ct_6
0.019946967684351998,0.040617996964288,0.013185914934832,0.004807426383808,0.037477299608512,0.0036520288108,0.003736791819952
