ct_0,ct_1,ct_2,ct_3,ct_4,ct_5,ct_6
0.06187020151940801,0.06073108058219199,0.053886629505472,0.06523390123,0.027284501196591995,0.06691061965004799,0.066786612203968
