ct_0,ct_1,ct_2,ct_3,ct_4
0.3571428571428571,0.5714285714285714,0.75,0.75,1.0
