ct_0,ct_1,ct_2,ct_3,ct_4
0.055328782307632,0.069318407848192,0.045435883902208,0.072857597267968,0.076128025977088
