ct_0,ct_1,ct_2,ct_3,ct_4
0.021542507979711998,0.047104610820352,0.051113423320000004,0.067908651163648,0.067908651163648
