ct_0,ct_1,ct_2,ct_3,ct_4,ct_5,ct_6
0.044876672788912005,0.049121588090031996,0.063936698744752,0.0647983035628,0.063008831910832,0.033712747779328,0.055544765261487994
