ct_0,ct_1,ct_2
0.06786819508868801,0.031937689419568,0.005047327502512
