ct_0,ct_1,ct_2
0.021468891072688,0.055000922391807996,0.077132894345152
