ct_0,ct_1,ct_2,ct_3,ct_4,ct_5
0.050467479233200004,0.049121588090031996,0.07004702203,0.070931058410032,0.0690949048588,0.038975137035712
