ct_0,ct_1,ct_2,ct_3,ct_4,ct_5
0.0323803733488,0.029831851091967995,0.013869389580208,0.012395494796848,0.014942028711471999,0.029196176369199998
