ct_0,ct_1,ct_2,ct_3,ct_4,ct_5
0.067810931898928,0.009465791103231999,0.004766815552768,0.004766815552768,0.004007600705968,0.003617090695168
