ct_0,ct_1,ct_2,ct_3,ct_4,ct_5
0.010652157346048002,0.058155286434352,0.06633774187000001,0.06633774187000001,0.06576895414067199,0.06633774187000001
