ct_0,ct_1,ct_2,ct_3,ct_4,ct_5,ct_6
0.060386679374128005,0.033158935195648,0.054044723306752,0.062172512063152004,0.0658324854988,0.064187595187648,0.069387923260672
