ct_0,ct_1,ct_2,ct_3,ct_4,ct_5,ct_6
0.024148939187248,0.040107897405232004,0.017702215404208,0.009916194262192,0.0074410462348,0.007260583652800001,0.003649245724672
