ct_0,ct_1,ct_2,ct_3,ct_4,ct_5,ct_6,ct_7,ct_8,ct_9
0.6944444444444444,1.0,0.08333333333333337,0.09090909090909094,0.5,1.0,1.0,0.6666666666666667,1.0,1.0
