ct_0,ct_1,ct_2,ct_3,ct_4,ct_5
0.022698521734191998,0.075590953669888,0.05518520112644801,0.05518520112644801,0.077371266941872,0.07742983172920001
