ct_0,ct_1,ct_2,ct_3,ct_4,ct_5
0.030479057098287996,0.075044248657072,0.080471523746608,0.083420553245632,0.083420553245632,0.073895665840432
