ct_0,ct_1
0.008234496747952,0.069269484628528
