ct_0,ct_1,ct_2,ct_3,ct_4
0.0507176198512,0.026092148330032,0.05969244259268801,0.060424968988672,0.067274869933312
