ct_0,ct_1,ct_2,ct_3
0.085506231850432,0.046673315728432,0.08378076504875201,0.087714369468592
