ct_0,ct_1,ct_2,ct_3
0.026910363815728,0.068000498210752,0.071323555725232,0.071323555725232
