ct_0,ct_1,ct_2,ct_3
0.6904761904761905,1.0,0.6666666666666667,0.6666666666666667
