ct_0,ct_1,ct_2
0.043746443749312004,0.024357595601968002,0.024357595601968002
