ct_0,ct_1,ct_2
0.062468562254272,0.071397334090672,0.071397334090672
