ct_0,ct_1,ct_2,ct_3
0.024185867874352,0.0844521799948,0.081286129594672,0.092218933318912
