ct_0,ct_1,ct_2,ct_3
0.9722222222222222,0.8333333333333334,0.33333333333333337,0.16666666666666663
