ct_0,ct_1,ct_2,ct_3,ct_4
0.5555555555555556,0.6666666666666667,0.09090909090909094,0.6666666666666667,1.0
