ct_0,ct_1,ct_2,ct_3,ct_4
0.024550204671231996,0.0527977313008,0.0576457092592,0.038169483785152,0.05601922736531201
