ct_0,ct_1
0.19999999999999996,0.09999999999999998
