ct_0,ct_1
0.008755951694272,0.034012263195952006
