ct_0,ct_1
0.0927150366832,0.0901935374848
