ct_0,ct_1,ct_2,ct_3,ct_4,ct_5,ct_6
0.045065895592192,0.07111433003588799,0.064840031816128,0.070699632013312,0.075697902333952,0.067194632562352,0.077249456976688
