ct_0,ct_1,ct_2,ct_3,ct_4,ct_5,ct_6
0.08568595645316801,0.042376775857072,0.082081602138112,0.06548755033067201,0.083816086766848,0.09023216156972799,0.089981693755648
