ct_0,ct_1,ct_2,ct_3,ct_4,ct_5,ct_6
0.043708681027888,0.064018512086272,0.047741094328768,0.0708302713408,0.066523876706608,0.076826402455552,0.076859391735232
