ct_0,ct_1,ct_2
0.026435306779071997,0.06698170424363199,0.068638030793152
