ct_0,ct_1,ct_2
0.06816245308,0.011045974985152,0.009851610020272
