ct_0,ct_1,ct_2,ct_3,ct_4
0.009852262217007999,0.049485445497088,0.04931951875,0.04931951875,0.056096032576768
