ct_0,ct_1,ct_2,ct_3,ct_4,ct_5,ct_6
0.064785293055232,0.063199452907312,0.072065571725248,0.079353267048448,0.070377931232512,0.062753879154688,0.079453215752128
