ct_0,ct_1,ct_2,ct_3,ct_4,ct_5,ct_6
0.050301588428800004,0.072994952937472,0.068954236015408,0.069381519690688,0.069381519690688,0.073457227087792,0.076817920182208
