ct_0,ct_1,ct_2,ct_3,ct_4
0.05077525857668799,0.086140906853632,0.054393802309888,0.08760248910980799,0.086140906853632
