ct_0,ct_1,ct_2,ct_3
0.050482605098032,0.022384071189808,0.050482605098032,0.050482605098032
