ct_0,ct_1,ct_2,ct_3
0.051503656030000004,0.07551170930219199,0.022384071189808,0.022384071189808
