ct_0,ct_1,ct_2,ct_3,ct_4,ct_5,ct_6
0.069464321760688,0.046707124866352,0.06682371712,0.065196596635648,0.060707281418799997,0.068861110864048,0.063223960072192
