ct_0,ct_1,ct_2,ct_3,ct_4,ct_5,ct_6
0.1875,0.4666666666666667,1.0,0.3571428571428571,1.0,1.0,1.0
