ct_0,ct_1,ct_2
0.060414845810992004,0.014328605248431998,0.011133914673328
