ct_0,ct_1,ct_2
0.0075053127109119995,0.063854020678912,0.064071281387968
