ct_0,ct_1,ct_2,ct_3
0.026737616520448,0.066310195535872,0.07142546791628801,0.06661609484459201
