ct_0,ct_1,ct_2,ct_3,ct_4
0.0291886994572,0.0824539875568,0.080563292932912,0.073301491532032,0.060561015998128
