ct_0,ct_1,ct_2,ct_3,ct_4
0.0600296249932,0.016222939269568,0.017825196986368,0.011122383491008001,0.0285413927488
