ct_0,ct_1,ct_2,ct_3,ct_4,ct_5
0.08475548944479999,0.0827671141888,0.07536500828051201,0.05170644650680001,0.082617249593392,0.082870284985792
