ct_0,ct_1,ct_2,ct_3,ct_4,ct_5
0.010975865019568001,0.004961880708352,0.0099393615088,0.028482201940911996,0.005059226300848,0.004894945459648
