ct_0,ct_1,ct_2,ct_3,ct_4,ct_5,ct_6
0.050542279150768,0.012522009516208,0.013459076320192002,0.016359347675392,0.016359347675392,0.006138704264128,0.009853566620847999
