ct_0,ct_1,ct_2,ct_3,ct_4,ct_5,ct_6
0.0247448744512,0.0731068423468,0.075498582440752,0.066914693987632,0.066914693987632,0.078530855626672,0.076661990504368
