ct_0,ct_1
0.069269484628528,0.011659868550592001
