ct_0,ct_1
0.018789935155648,0.06775322812
