ct_0,ct_1,ct_2
0.0734972226028,0.057900567334911994,0.023774368895151998
