ct_0,ct_1,ct_2
0.011762805873328,0.0734972226028,0.0734972226028
