ct_0,ct_1,ct_2,ct_3,ct_4,ct_5,ct_6
0.2857142857142857,0.1875,0.4285714285714286,0.5,0.4285714285714286,1.0,0.2857142857142857
