ct_0,ct_1,ct_2,ct_3,ct_4,ct_5,ct_6
0.06218981176364801,0.08081295141803199,0.0664935972208,0.072559944106432,0.08081295141803199,0.07685326483460801,0.082589791510528
