ct_0,ct_1,ct_2,ct_3
0.026817889066431996,0.050448153368752004,0.043887002933248,0.06036335672243201
