ct_0,ct_1,ct_2,ct_3,ct_4
0.031877638518832005,0.041372362111408004,0.018227116330432,0.040396075569088,0.010504221733168001
