ct_0,ct_1,ct_2,ct_3,ct_4
0.064337994916288,0.053011996844992,0.07221266945843201,0.05234992963,0.0808866504268
