ct_0,ct_1,ct_2,ct_3,ct_4,ct_5
0.07008004686788799,0.056882915196928,0.0774652604272,0.06634451605120001,0.044257175470528,0.044257175470528
