ct_0,ct_1,ct_2,ct_3
0.06553750300000001,0.04941019735244801,0.050840910739888,0.064779909609472
