ct_0,ct_1,ct_2,ct_3
0.0204442599148,0.0424792079692,0.073387017864448,0.0105215975152
