ct_0,ct_1,ct_2,ct_3,ct_4,ct_5
0.021005636890047998,0.053424138286528,0.0089529294508,0.010254345007551999,0.006236422597168,0.006236422597168
