ct_0,ct_1,ct_2,ct_3,ct_4,ct_5
0.064122273325312,0.019958930404288,0.0677691293452,0.065959148865472,0.071656655889328,0.071656655889328
