ct_0,ct_1,ct_2,ct_3,ct_4,ct_5,ct_6
0.5714285714285714,0.625,0.125,0.09999999999999998,1.0,1.0,1.0
