ct_0,ct_1,ct_2,ct_3,ct_4,ct_5,ct_6
0.0555951352048,0.040443949670848,0.067351052476672,0.06566130547,0.0410306165872,0.0673877920588,0.0673877920588
