ct_0,ct_1
0.021648552886528,0.0405748690288
