ct_0,ct_1
0.083744480407552,0.066347677402288
