ct_0,ct_1,ct_2,ct_3,ct_4,ct_5,ct_6
0.034212873545728,0.051704333080000005,0.0662316384112,0.059617874750128,0.073467457890352,0.073467457890352,0.0730209476608
