ct_0,ct_1,ct_2,ct_3,ct_4
0.045523572987328,0.058026801383872,0.07861056028331201,0.084178763244592,0.074306406943168
