ct_0,ct_1,ct_2,ct_3,ct_4
0.875,0.5416666666666667,0.5,0.19999999999999996,0.3571428571428571
