ct_0,ct_1,ct_2,ct_3,ct_4
0.040520174944048,0.0404052504748,0.012736703557168001,0.008801852178688,0.026384978579631995
