ct_0,ct_1,ct_2,ct_3,ct_4,ct_5
0.006907167940912,0.06196457500000001,0.060546923158192004,0.060546923158192004,0.060546923158192004,0.06196457500000001
