ct_0,ct_1,ct_2,ct_3,ct_4
0.8571428571428572,1.0,0.16666666666666663,0.47619047619047616,0.5
