ct_0,ct_1,ct_2,ct_3,ct_4
0.019745510923312,0.038400938101168,0.05709005450080001,0.0420480798028,0.05709005450080001
