ct_0,ct_1,ct_2
0.022167424347568,0.036139913040832,0.020985436337199997
