ct_0,ct_1,ct_2
0.085453651782592,0.06716336092,0.073819279557808
