ct_0,ct_1
0.020066287705647997,0.052934597859328
