ct_0,ct_1
0.065053725687232,0.030243344961327995
