ct_0,ct_1,ct_2,ct_3,ct_4
0.031106504273199997,0.0875298890572,0.0749993278732,0.08735386350515201,0.07889731893764801
