ct_0,ct_1,ct_2,ct_3,ct_4,ct_5,ct_6,ct_7,ct_8
0.16666666666666663,0.1428571428571429,0.47619047619047616,0.5,1.0,1.0,1.0,0.08333333333333337,1.0
