ct_0,ct_1,ct_2
0.085674263471152,0.076651159028992,0.0379544630272
