ct_0,ct_1,ct_2
0.07941227977139201,0.068803610350768,0.049326621134848
