ct_0,ct_1,ct_2
0.1428571428571429,0.2857142857142857,1.0
