ct_0,ct_1,ct_2,ct_3,ct_4,ct_5,ct_6,ct_7
0.8888888888888888,0.09090909090909094,0.08333333333333337,0.7142857142857143,0.38888888888888884,1.0,1.0,1.0
