ct_0,ct_1,ct_2
0.04403417268371201,0.018462974739712,0.030173750438848002
