ct_0,ct_1,ct_2
0.8571428571428572,0.9166666666666666,0.9523809523809523
