ct_0,ct_1,ct_2
0.030414259007152,0.052668173230000004,0.038994136879552
