ct_0,ct_1,ct_2,ct_3,ct_4
0.05035491076868799,0.026510645686191995,0.053742312060928,0.06750530604851201,0.07117099694080001
