ct_0,ct_1,ct_2
0.07510930432,0.044616232940848,0.0665998184428
