ct_0,ct_1,ct_2,ct_3,ct_4,ct_5,ct_6
0.0343392898048,0.06106320920780799,0.081108349427968,0.081108349427968,0.078317955121408,0.0773707946992,0.08873070255404801
