ct_0,ct_1,ct_2,ct_3,ct_4
0.0095662801132,0.011717450195200001,0.013963664272048,0.012373201192192,0.029008236986368
