ct_0,ct_1,ct_2,ct_3,ct_4
0.059742460897072,0.059350951365568005,0.057128644079152,0.058710594392512,0.056981260084912
