ct_0,ct_1,ct_2
0.009930550915887999,0.065540653525168,0.07108715298860802
