ct_0,ct_1,ct_2
0.066286715953408,0.0518882820172,0.0835225242892
