ct_0,ct_1,ct_2
0.021766787233792,0.041281355548672,0.013948508413888
