ct_0,ct_1,ct_2,ct_3,ct_4
0.013509749603248002,0.067027898003632,0.05868395303876801,0.067094940227632,0.06692329559679999
