ct_0,ct_1,ct_2,ct_3,ct_4
0.076705792,0.009782496765232,0.009645037847728001,0.0048058641587680005,0.00376186192
