ct_0,ct_1,ct_2,ct_3,ct_4,ct_5
0.019946967684351998,0.040617996964288,0.009672712695808,0.013185914934832,0.004807426383808,0.037477299608512
