ct_0,ct_1,ct_2,ct_3,ct_4,ct_5
0.06898300252,0.051821449473328,0.077737987730608,0.064131667801648,0.076003046383552,0.062211549147568004
