ct_0,ct_1,ct_2,ct_3,ct_4,ct_5,ct_6
0.07536547683908801,0.061814836273408,0.07605895074999999,0.0595643767468,0.08606722507,0.08606722507,0.07605895074999999
