ct_0,ct_1,ct_2,ct_3,ct_4,ct_5,ct_6
0.024960535277488,0.037160420521408,0.011338356766768,0.013543990386352,0.013480215758512,0.0170224220428,0.008522839843072
