ct_0,ct_1,ct_2,ct_3,ct_4,ct_5,ct_6
0.7857142857142857,0.9444444444444444,0.5,1.0,0.375,0.4444444444444444,0.75
