ct_0,ct_1,ct_2,ct_3,ct_4,ct_5,ct_6
0.086997251039488,0.06827306380676801,0.10787272140932799,0.096972463917232,0.10795044427,0.10323259963,0.1076669523052
