ct_0,ct_1,ct_2,ct_3,ct_4,ct_5
0.108128542953472,0.10617491848119998,0.090341129618368,0.10423071298283199,0.09882817671083201,0.091831728671152
