ct_0,ct_1,ct_2,ct_3,ct_4,ct_5
0.024960535277488,0.037160420521408,0.076964042883328,0.01186151875,0.011338356766768,0.016002850029999998
