ct_0,ct_1,ct_2
0.019954708153791998,0.040356588801328,0.0085086481408
