ct_0,ct_1,ct_2
0.05548967323,0.042511885050112,0.070615029649408
