ct_0,ct_1,ct_2
0.8571428571428572,0.7083333333333333,0.6
