ct_0,ct_1,ct_2,ct_3,ct_4,ct_5,ct_6,ct_7,ct_8
0.2777777777777778,0.16666666666666663,0.1428571428571429,0.2222222222222222,0.36363636363636365,1.0,1.0,1.0,1.0
