ct_0,ct_1,ct_2,ct_3
0.030214751200432,0.008652577849792,0.016375465241008,0.015305592181552
