ct_0,ct_1,ct_2,ct_3
0.044105765732800006,0.067178316409648,0.063895132561408,0.06977840311787199
