ct_0,ct_1,ct_2,ct_3,ct_4,ct_5,ct_6
0.085674263471152,0.013930997156799999,0.016032607926208,0.006438128157952,0.019425102221248,0.011454244605952,0.011454244605952
