ct_0,ct_1,ct_2,ct_3,ct_4,ct_5,ct_6
0.058614089353647994,0.070717107884992,0.0776306586112,0.07903036034180799,0.06860337841196801,0.071767481445808,0.071767481445808
