ct_0,ct_1,ct_2
0.0674739935692,0.062680071491008,0.076301971430848
