ct_0,ct_1,ct_2
0.0204442599148,0.0424792079692,0.012502025213487998
