ct_0,ct_1,ct_2,ct_3,ct_4,ct_5
0.057731353697968,0.040197132532528,0.048625112651199995,0.060296482578688,0.061030989370672,0.06789910473131201
