ct_0,ct_1,ct_2,ct_3,ct_4
0.019669291582912,0.060219514042287994,0.056477875259392005,0.063855361168432,0.063855361168432
