ct_0,ct_1,ct_2,ct_3,ct_4
0.0828153199168,0.011402065396672002,0.011566602126592,0.006139652589232,0.006139652589232
