ct_0,ct_1,ct_2,ct_3,ct_4,ct_5,ct_6
0.06407083413995199,0.04825324867379201,0.0729745304128,0.06412406272,0.06285929641719999,0.068272153222192,0.06414464175251201
