ct_0,ct_1,ct_2,ct_3,ct_4,ct_5
0.074954415051952,0.08543271993092799,0.083040555055408,0.060664537397248,0.08680003747,0.078813727582768
