ct_0,ct_1,ct_2,ct_3,ct_4,ct_5
0.012611977369648001,0.071915788422592,0.0820811213548,0.0820811213548,0.0820811213548,0.07556328567275199
