ct_0,ct_1
0.023854555891887997,0.064709487656368
