ct_0,ct_1,ct_2,ct_3,ct_4
0.06985080016388799,0.011731684172847999,0.010254345007551999,0.00477243772,0.00477243772
