ct_0,ct_1,ct_2,ct_3,ct_4
0.018849622869807996,0.071167310891008,0.06822480758660801,0.076155755298352,0.076155755298352
