ct_0,ct_1,ct_2,ct_3,ct_4,ct_5
0.069996117513472,0.08692236186999999,0.057640493422528,0.0622173165568,0.08159693115140801,0.087133375932352
