ct_0,ct_1,ct_2,ct_3,ct_4,ct_5
0.5,0.6666666666666667,0.625,0.5416666666666667,1.0,1.0
