ct_0,ct_1,ct_2,ct_3,ct_4,ct_5,ct_6,ct_7,ct_8,ct_9
0.059761330366912,0.0096297379648,0.013608803915007999,0.013476860063152,0.016032950009008,0.028270559696127996,0.007354453656832001,0.0050319861568000005,0.0064977252167680005,0.004843050975232
