ct_0,ct_1,ct_2,ct_3,ct_4
0.09832625445299199,0.091846668976432,0.100046963188672,0.06889990864076799,0.085849710456112
