ct_0,ct_1,ct_2,ct_3,ct_4
0.02487758083,0.030214751200432,0.008652577849792,0.071398717646272,0.021136476797872
