ct_0,ct_1,ct_2,ct_3,ct_4
0.11111111111111116,0.23809523809523814,0.19999999999999996,0.3571428571428571,0.5714285714285714
