ct_0,ct_1,ct_2,ct_3,ct_4,ct_5,ct_6
0.040973786810368,0.06743361108371199,0.076043446632448,0.059831117397808,0.068876172788992,0.0761388353548,0.0760566015808
