ct_0,ct_1,ct_2,ct_3,ct_4,ct_5
0.036357038262448,0.073904982830512,0.048265716133312,0.08127462539319999,0.079480351260592,0.07282744484228801
