ct_0,ct_1,ct_2,ct_3,ct_4,ct_5
0.062104213265200006,0.011185323672111998,0.028895130494512,0.0037185344512,0.006107413898032,0.009399494053888
