ct_0,ct_1,ct_2,ct_3,ct_4,ct_5,ct_6
0.062713859996608,0.044767637144512006,0.053398142662192,0.065336407133488,0.06608723382880001,0.071394105824512,0.073105449224128
