ct_0,ct_1,ct_2,ct_3
0.020253034197808,0.063297051497728,0.05280835437880001,0.063297051497728
