ct_0,ct_1,ct_2,ct_3,ct_4
0.017235878428672,0.05600714813843201,0.060763698342448005,0.060620479906048005,0.062616064850368
