ct_0,ct_1,ct_2,ct_3,ct_4,ct_5
0.06401225212,0.061540866526768,0.0714591404908,0.07858683611051201,0.051872206397488005,0.07868981467571201
