ct_0,ct_1,ct_2,ct_3,ct_4
0.042105238015408,0.021148893195712,0.0455575938892,0.060040170154672,0.060040170154672
