ct_0,ct_1,ct_2
0.027719524595247996,0.025309580324272,0.028644936077248
