ct_0,ct_1,ct_2
0.067429074153472,0.065518600738048,0.06584961036356801
