ct_0,ct_1,ct_2
0.039458667424192,0.037445900281792004,0.060468988118272005
