ct_0,ct_1,ct_2
0.0323803733488,0.029831851091967995,0.029196176369199998
