ct_0,ct_1,ct_2,ct_3,ct_4,ct_5
0.06641362380356801,0.08462344769324799,0.084880308213808,0.086730581257648,0.0667128721228,0.08433482921540801
