ct_0,ct_1,ct_2,ct_3,ct_4
0.044523653431552,0.060111802544128,0.025413572442112,0.025413572442112,0.06203948137835201
