ct_0,ct_1,ct_2,ct_3,ct_4,ct_5,ct_6
0.06660569590316799,0.050825337491392,0.04041163328747201,0.06660569590316799,0.0715721848432,0.0756997790272,0.07562894344619199
