ct_0,ct_1,ct_2,ct_3,ct_4,ct_5,ct_6,ct_7,ct_8
1.0,0.7083333333333333,0.75,0.6,0.7142857142857143,0.5,0.5,0.33333333333333337,1.0
