ct_0,ct_1
0.010991002820272,0.069901674278848
