ct_0,ct_1
0.0699186346828,0.009740786808112
