ct_0,ct_1,ct_2,ct_3
0.007147017898431999,0.004963445089072,0.0246485981068,0.038665088041408
