ct_0,ct_1,ct_2,ct_3
0.067291192711168,0.065388576498352,0.05896537805060799,0.026483813522368
