ct_0,ct_1,ct_2
0.069500013147952,0.07109774707307201,0.0050022486412
