ct_0,ct_1,ct_2,ct_3,ct_4,ct_5,ct_6
0.05525654978564801,0.020507822753199997,0.05880626771012801,0.065381380032688,0.056954828229568,0.065693279629312,0.0661481437228
