ct_0,ct_1,ct_2,ct_3
0.067872740373808,0.008350073029888,0.031060743151552,0.031060743151552
