ct_0,ct_1,ct_2,ct_3
0.048968054262448005,0.055211416842688,0.040506603741232,0.040506603741232
