ct_0,ct_1,ct_2,ct_3,ct_4,ct_5
0.072250614490048,0.065459203551232,0.03928095931436801,0.069853091561728,0.0626925193072,0.0626925193072
