ct_0,ct_1,ct_2,ct_3,ct_4,ct_5
0.5,0.33333333333333337,0.4285714285714286,1.0,0.75,0.75
