ct_0,ct_1,ct_2,ct_3,ct_4,ct_5
0.007225162357552,0.024651866874112,0.07551170930219199,0.006374443803567999,0.014544942922672,0.014544942922672
