ct_0,ct_1,ct_2,ct_3,ct_4,ct_5,ct_6,ct_7
0.25,0.7619047619047619,1.0,0.33333333333333337,0.8333333333333334,0.33333333333333337,0.41666666666666663,0.75
