ct_0,ct_1,ct_2,ct_3,ct_4
0.8809523809523809,0.8571428571428572,0.16666666666666663,1.0,1.0
