ct_0,ct_1,ct_2,ct_3,ct_4
0.011678728622128001,0.071487281378752,0.08082539267012799,0.08082539267012799,0.071487281378752
