ct_0,ct_1,ct_2,ct_3,ct_4,ct_5,ct_6
0.0541960913392,0.059561746029232,0.065740573341232,0.069971815508272,0.053773899748288,0.047888297282607996,0.047888297282607996
