ct_0,ct_1,ct_2,ct_3,ct_4
0.035171009363968,0.07734576707396801,0.07262482253459202,0.085774157055232,0.085774157055232
