ct_0,ct_1,ct_2
0.044940816138688,0.041622357787072004,0.075512646961072
