ct_0,ct_1,ct_2
0.1071428571428571,0.33333333333333337,0.09523809523809523
