ct_0,ct_1,ct_2
0.11211332992,0.09761887626999999,0.109283594227648
