ct_0,ct_1,ct_2,ct_3
0.027569202893871998,0.08603502597419199,0.092684567121712,0.0930524144812
