ct_0,ct_1,ct_2,ct_3
0.076651159028992,0.016032607926208,0.0379544630272,0.0036798635212
