ct_0,ct_1,ct_2,ct_3
0.7857142857142857,0.4,0.050000000000000044,1.0
