ct_0,ct_1,ct_2,ct_3,ct_4,ct_5
0.043533365073712,0.054955843427248005,0.080314825068592,0.076198060056112,0.082758438075328,0.0845686109068
