ct_0,ct_1,ct_2,ct_3,ct_4,ct_5,ct_6
0.054241865132848004,0.033545340270592,0.071236433526208,0.0612765057868,0.075225884618032,0.075225884618032,0.07795561938308801
