ct_0,ct_1,ct_2,ct_3,ct_4,ct_5,ct_6,ct_7
0.1428571428571429,1.0,1.0,1.0,0.2222222222222222,0.050000000000000044,0.050000000000000044,1.0
