ct_0,ct_1,ct_2,ct_3
0.06771188988779199,0.0116413420912,0.006256988735488,0.013224424403392002
