ct_0,ct_1,ct_2,ct_3
0.041609508747712,0.072799615073968,0.075878597426992,0.075968758163248
