ct_0,ct_1,ct_2,ct_3
0.47619047619047616,0.375,0.33333333333333337,0.125
