ct_0,ct_1
0.025713169268992,0.05639185857284801
