ct_0,ct_1
0.071750392594432,0.018905144639488
