ct_0,ct_1,ct_2,ct_3,ct_4,ct_5,ct_6
0.08587262429843201,0.08359890693956798,0.0832737052528,0.037669741142272006,0.063257383145392,0.07847725847372801,0.078443113829632
