ct_0,ct_1,ct_2,ct_3,ct_4,ct_5
0.053926782668799994,0.031584914749888,0.049429842778672003,0.052349505629632004,0.055624415478208004,0.055867854605488
