ct_0,ct_1,ct_2,ct_3,ct_4,ct_5,ct_6
0.023361107873199997,0.072497862043648,0.075635510154928,0.075635510154928,0.0694926914092,0.0778482000448,0.0778363724428
