ct_0,ct_1,ct_2,ct_3,ct_4,ct_5,ct_6,ct_7
0.021051718828287998,0.051590240108800006,0.012153799831552,0.004936227946432,0.011311958479408,0.0270607974892,0.004950930648111999,0.003622964474032
