ct_0,ct_1,ct_2,ct_3,ct_4,ct_5
0.039789554416432005,0.037302318880000004,0.06990029916280001,0.061900768917952,0.065769855174592,0.069927344539072
