ct_0,ct_1
0.06016850948075201,0.040381715764672005
