ct_0,ct_1,ct_2,ct_3,ct_4
0.08431786118348801,0.08430428752,0.08413661172371201,0.075218860192192,0.044754573335488004
