ct_0,ct_1,ct_2,ct_3,ct_4
0.006136491535792,0.0050398131148,0.003838655004928,0.009788689293568001,0.050645699377071994
