ct_0,ct_1,ct_2,ct_3,ct_4,ct_5,ct_6,ct_7,ct_8,ct_9
0.0204442599148,0.0424792079692,0.013642734703408,0.014318810828800002,0.013611827092912,0.004874309861632,0.014105203317808,0.003682028736448,0.0048568038208,0.004857428989888
