ct_0,ct_1,ct_2,ct_3,ct_4
0.029109091784127995,0.0589907413708,0.045236886497728,0.065886117528832,0.061027900039168
