ct_0,ct_1,ct_2,ct_3,ct_4,ct_5
0.076729815347632,0.029929088066991995,0.069084397535488,0.07716309174880001,0.08481376348,0.08677019851187201
