ct_0,ct_1,ct_2,ct_3,ct_4,ct_5,ct_6
0.045701941452207996,0.082895360500672,0.075660371372032,0.08287607143571199,0.056170274854911995,0.080151059718592,0.084676353808048
