ct_0,ct_1,ct_2,ct_3,ct_4
0.034379778065200005,0.07392734501675201,0.07533783336140801,0.071580492187648,0.072332077100992
