ct_0,ct_1,ct_2,ct_3,ct_4,ct_5,ct_6
0.010931449421248,0.009291026511808,0.011605289430832002,0.013465115809792,0.012342595397632,0.014820608698288,0.0061567237708
