ct_0,ct_1,ct_2,ct_3,ct_4,ct_5,ct_6
0.058998175998208,0.056882048920000004,0.056447614232512,0.054635842370608007,0.055774755045808,0.054095167287232,0.05554304342123201
