ct_0,ct_1,ct_2
0.044390368257712004,0.071513579868208,0.07634430037196802
