ct_0,ct_1,ct_2
0.0695476098412,0.011701232028592001,0.004843363521328
