ct_0,ct_1,ct_2,ct_3,ct_4,ct_5,ct_6
0.057983264193472,0.06268451706188799,0.033946470995200005,0.033946470995200005,0.075924143401408,0.073481874731008,0.073481874731008
