ct_0,ct_1,ct_2,ct_3,ct_4,ct_5,ct_6
0.031482905004592,0.057382465011712,0.045777438465712,0.045777438465712,0.062237725484992,0.0534296787532,0.057382465011712
