ct_0,ct_1,ct_2,ct_3,ct_4,ct_5,ct_6,ct_7,ct_8
0.076303852568512,0.080048459795632,0.06102436942643201,0.061427657551408006,0.061427657551408006,0.08182930974251201,0.072285788243392,0.07383418237355201,0.07883272326788801
