ct_0,ct_1,ct_2,ct_3,ct_4,ct_5
0.009836936507392,0.05026003186091199,0.050071664428288004,0.050071664428288004,0.056895043436800005,0.056700640107952005
