ct_0,ct_1,ct_2,ct_3,ct_4
0.061237629281968,0.018739691412928,0.063346535100592,0.06897250006532801,0.0706876755568
