ct_0,ct_1,ct_2,ct_3,ct_4,ct_5,ct_6,ct_7,ct_8,ct_9
0.07838337147999999,0.014027674961968,0.011648289195952,0.0063858473905119995,0.012755389538608001,0.012755389538608001,0.010209531809968,0.0036211095628,0.005115919280128001,0.0035945259197920003
