ct_0,ct_1,ct_2,ct_3,ct_4,ct_5,ct_6
0.05222403949868801,0.06165900027520001,0.069263541359872,0.06149973328,0.076355589271552,0.0714914335852,0.07601666900920001
