ct_0,ct_1,ct_2,ct_3,ct_4,ct_5,ct_6
0.031049777489199997,0.022016031721647997,0.009702673683712,0.015454360077568001,0.007136177459200001,0.015600224038912,0.0079856944108
