ct_0,ct_1,ct_2,ct_3
0.0025,0.042571202379568,0.05683744033028801,0.05683744033028801
