ct_0,ct_1,ct_2,ct_3
0.062915360796592,0.018165260624128,0.0068190595371520005,0.0068190595371520005
