ct_0,ct_1,ct_2,ct_3
0.010787125333552,0.06196457500000001,0.065892878737072,0.065892878737072
