ct_0,ct_1,ct_2,ct_3,ct_4,ct_5
0.029518385120511997,0.053049430794688004,0.074682768836608,0.072941115344128,0.0749782739968,0.069850341886912
