ct_0,ct_1,ct_2,ct_3,ct_4,ct_5
0.6428571428571428,0.2857142857142857,0.16666666666666663,1.0,1.0,0.5714285714285714
