ct_0,ct_1,ct_2,ct_3,ct_4,ct_5,ct_6,ct_7,ct_8
0.8928571428571429,1.0,0.4545454545454546,0.050000000000000044,0.875,0.5,0.25,1.0,1.0
