ct_0,ct_1,ct_2,ct_3
0.067519829174272,0.049449490113472,0.07810901749931201,0.07627892861636801
