ct_0,ct_1,ct_2,ct_3
0.019954708153791998,0.040356588801328,0.0048643060779519996,0.038610173044528004
