ct_0,ct_1,ct_2,ct_3,ct_4,ct_5,ct_6
0.06989709058892801,0.06646784011460799,0.030224532714928,0.055036133540799996,0.069961270110208,0.069840260012032,0.06939798635564799
