ct_0,ct_1
0.034043821634608,0.05646620264747201
