ct_0,ct_1
0.2857142857142857,0.6111111111111112
