ct_0,ct_1
0.011649281670592,0.035800535384512
