ct_0,ct_1
0.091873065416128,0.067035597837568
