ct_0,ct_1,ct_2,ct_3,ct_4,ct_5
0.024620271721647994,0.054099870305200005,0.008938039811632,0.023047055286208,0.013451695101952,0.007495718483392
