ct_0,ct_1,ct_2,ct_3,ct_4,ct_5
0.08372319567999999,0.059602525646848,0.083004369687808,0.07920912249707199,0.076478388188848,0.0851758265068
