ct_0,ct_1,ct_2,ct_3
0.065230305347248,0.049684569929728,0.049201739144368005,0.06448221952
