ct_0,ct_1,ct_2,ct_3
0.4285714285714286,0.5416666666666667,0.33333333333333337,1.0
