ct_0,ct_1,ct_2
0.014406986763952,0.076720865210368,0.07491325196075199
