ct_0,ct_1,ct_2
0.069500013147952,0.003642133711408,0.009996808956352
