ct_0,ct_1,ct_2,ct_3,ct_4
0.06786819508868801,0.003844230764992,0.031937689419568,0.005214651353008,0.003708014621632
