ct_0,ct_1,ct_2,ct_3,ct_4
0.0545642726128,0.078912995296192,0.043089305470000006,0.076832528715952,0.079122103317952
