ct_0,ct_1,ct_2
0.044179420589872,0.080177312625712,0.047445359527168
