ct_0,ct_1,ct_2
0.062104213265200006,0.012417126627328,0.028895130494512
