ct_0,ct_1,ct_2
0.5277777777777778,0.1428571428571429,1.0
