ct_0,ct_1,ct_2
0.049007678149888,0.022167424347568,0.036139913040832
