ct_0,ct_1,ct_2
0.024682015471407998,0.0768518509552,0.07279451328716799
