ct_0,ct_1,ct_2
0.003697186428592,0.052968190607152,0.052968190607152
