ct_0,ct_1,ct_2
0.052968190607152,0.008101673469952,0.008101673469952
