ct_0,ct_1,ct_2,ct_3,ct_4,ct_5
0.047346879140800005,0.030229799926192,0.050686493270272,0.053315915388928,0.052713615597568,0.050557410552112006
