ct_0,ct_1,ct_2,ct_3,ct_4,ct_5,ct_6
0.025084686933951997,0.07325734536491199,0.081575335987648,0.081575335987648,0.072116907234352,0.083492073930688,0.083784151863232
