ct_0,ct_1,ct_2,ct_3,ct_4,ct_5,ct_6,ct_7,ct_8,ct_9
1.0,0.8571428571428572,0.7777777777777778,0.6363636363636364,0.41666666666666663,1.0,1.0,1.0,0.4,1.0
