ct_0,ct_1,ct_2,ct_3,ct_4
0.082675065259312,0.0036350221552000003,0.0125993114188,0.0125993114188,0.010391502069808
