ct_0,ct_1,ct_2,ct_3,ct_4
0.019660162041088,0.070042894240192,0.061071595947952,0.061071595947952,0.060503769339568005
