ct_0,ct_1,ct_2,ct_3,ct_4,ct_5,ct_6,ct_7
0.40476190476190477,0.5714285714285714,0.7083333333333333,0.75,1.0,1.0,0.6666666666666667,1.0
