ct_0,ct_1,ct_2,ct_3,ct_4,ct_5
0.06965931568811201,0.008400330299392,0.004812738110512,0.004812738110512,0.005887041338032,0.004003878037552
