ct_0,ct_1,ct_2,ct_3,ct_4
0.060772514765488,0.045562103130112,0.048765885411328,0.049752802493872005,0.06556180814771201
