ct_0,ct_1,ct_2,ct_3,ct_4
0.020982247032831997,0.020674631585968,0.017959388282800002,0.022584196722687997,0.005163237290032
