ct_0,ct_1,ct_2,ct_3,ct_4,ct_5
0.021592318178752,0.04751283441515201,0.04806799082080001,0.049228045649151994,0.051057374972848006,0.049324949963008
