ct_0,ct_1,ct_2,ct_3,ct_4,ct_5
0.47619047619047616,0.5714285714285714,0.5,1.0,1.0,0.75
