ct_0,ct_1,ct_2,ct_3,ct_4,ct_5,ct_6
0.079796186289088,0.067302528632368,0.077485575072688,0.08333552625452799,0.077616950168752,0.06297856090244801,0.059090911148032
