ct_0,ct_1,ct_2
0.015706313259568002,0.075283960650928,0.07890206924996801
