ct_0,ct_1,ct_2
0.069269484628528,0.010257289507888,0.009299142002607999
