ct_0,ct_1,ct_2
0.9047619047619048,0.5,0.16666666666666663
