ct_0,ct_1,ct_2,ct_3
0.074411881070848,0.06464357048319999,0.074411881070848,0.080109060503488
