ct_0,ct_1,ct_2,ct_3
0.19047619047619047,0.33333333333333337,0.33333333333333337,0.1428571428571429
