ct_0,ct_1,ct_2,ct_3
0.066619711974832,0.078382897389232,0.076754783168512,0.071977262569648
