ct_0,ct_1,ct_2,ct_3
0.056701072883968,0.009732641984512,0.010533401317312,0.010329287946927999
