ct_0,ct_1,ct_2,ct_3,ct_4
0.6944444444444444,0.8333333333333334,0.09090909090909094,0.4444444444444444,1.0
