ct_0,ct_1,ct_2,ct_3,ct_4
0.019379538527488,0.054388664627200003,0.0609299460592,0.04860929230028801,0.059279125285312005
