ct_0,ct_1,ct_2,ct_3,ct_4,ct_5,ct_6,ct_7
0.5952380952380952,1.0,0.375,0.1333333333333333,1.0,1.0,1.0,1.0
