ct_0,ct_1
0.020272427450368,0.040905374074288
