ct_0,ct_1
0.06417998827,0.049412287200688
