ct_0,ct_1,ct_2,ct_3,ct_4,ct_5,ct_6
0.042916985757232,0.05013289619756799,0.068320418967088,0.06484451917004799,0.07062836177579199,0.071810901685168,0.07361538619883201
