ct_0,ct_1,ct_2,ct_3,ct_4
0.067920925707952,0.049651089952768,0.07169682440320001,0.06263517606827199,0.07754700115844801
