ct_0,ct_1,ct_2,ct_3,ct_4
0.014852140122111999,0.027085145862831998,0.012185357142832,0.016373750515648,0.005677479100672
