ct_0,ct_1,ct_2,ct_3,ct_4,ct_5
0.051231048081712,0.07049874916139201,0.055307711969727995,0.0737019508012,0.0576131123212,0.078064503767728
