ct_0,ct_1,ct_2,ct_3,ct_4,ct_5
0.04403417268371201,0.018462974739712,0.030173750438848002,0.007697680896688,0.028200322140207998,0.0059141705210080005
