ct_0,ct_1,ct_2
0.015785166735807998,0.063330039383488,0.06944419047659199
