ct_0,ct_1,ct_2
0.070223206255792,0.011827059902511998,0.010353515002288
