ct_0,ct_1,ct_2
0.7857142857142857,0.75,0.33333333333333337
