ct_0,ct_1,ct_2,ct_3
0.073161644673328,0.010759528769200001,0.005107773796288,0.005107773796288
