ct_0,ct_1,ct_2,ct_3
0.012026653127728,0.062115742793392006,0.072171954423808,0.072171954423808
