ct_0,ct_1,ct_2,ct_3,ct_4,ct_5,ct_6
0.1875,0.2857142857142857,0.41666666666666663,0.2857142857142857,1.0,1.0,1.0
