ct_0,ct_1,ct_2,ct_3,ct_4,ct_5,ct_6
0.024168126500799997,0.040675916058928,0.017615673996208,0.010978497549232,0.025955829019311996,0.0049284081380319995,0.005052337370800001
