ct_0,ct_1,ct_2,ct_3,ct_4,ct_5,ct_6
0.079532725967152,0.069627263666992,0.07592555216939201,0.08166604743275199,0.0535128032752,0.0815743762432,0.081384414929152
