ct_0,ct_1,ct_2
0.0054444169708,0.068634382939072,0.0103250323312
