ct_0,ct_1,ct_2
0.092956409178928,0.033588712228912,0.08544975736364799
