ct_0,ct_1,ct_2,ct_3
0.059307590159152,0.012339269121472,0.019134796382512,0.004926218688448
