ct_0,ct_1,ct_2,ct_3
0.027489656715711998,0.064247564338432,0.047356807717312,0.065893780246192
