ct_0,ct_1,ct_2,ct_3,ct_4,ct_5
0.5714285714285714,0.7,0.4285714285714286,0.8666666666666667,0.625,1.0
