ct_0,ct_1,ct_2,ct_3,ct_4,ct_5
0.088351174226608,0.052258365612592006,0.08471179208320001,0.059056787096512,0.086463190915072,0.092940911309248
