ct_0,ct_1,ct_2,ct_3,ct_4,ct_5,ct_6
0.070223206255792,0.011827059902511998,0.010353515002288,0.0050726922352,0.005880733141552,0.005880733141552,0.007037702783152
