ct_0,ct_1,ct_2,ct_3,ct_4,ct_5,ct_6
0.017684210343472,0.0735879337792,0.070527699210688,0.076499095719472,0.0752919237232,0.0752919237232,0.0735879337792
