ct_0,ct_1,ct_2,ct_3,ct_4,ct_5
0.024968542029999995,0.038685636071872004,0.0118830602752,0.003939061516288,0.006154826848432,0.003600707592112
