ct_0,ct_1,ct_2,ct_3,ct_4,ct_5
0.054043440989488004,0.041928989114032006,0.054561273209008,0.058836856961968005,0.05893914319172801,0.05931503542067201
