ct_0,ct_1,ct_2
0.0100421982988,0.04880838652,0.008161473946048
