ct_0,ct_1,ct_2
0.0797833168108,0.027162273875199996,0.073043231008768
