ct_0,ct_1,ct_2,ct_3,ct_4,ct_5,ct_6
0.044940816138688,0.041622357787072004,0.017657207132847998,0.0134050688908,0.0485772390988,0.013659871420672001,0.013122315629872
