ct_0,ct_1,ct_2,ct_3,ct_4,ct_5,ct_6
0.1428571428571429,0.9444444444444444,0.4545454545454546,1.0,0.07999999999999996,0.875,1.0
