ct_0,ct_1,ct_2,ct_3,ct_4,ct_5,ct_6
0.10273526139140801,0.062724975727408,0.1029378224428,0.0958867797868,0.10825679342924799,0.097790608802608,0.096313293606832
