ct_0,ct_1,ct_2,ct_3,ct_4,ct_5
0.011055852777472001,0.049546918914352006,0.049546918914352006,0.05794669963052801,0.0579044838508,0.054441331772848
