ct_0,ct_1,ct_2
0.021468891072688,0.042987755396032,0.06389692020044799
