ct_0,ct_1,ct_2
0.6428571428571428,0.6666666666666667,0.2142857142857143
