ct_0,ct_1,ct_2
0.06764558195780801,0.0502029578572,0.065590167337648
