ct_0,ct_1,ct_2,ct_3
0.06044081488,0.0522291244912,0.066207263932672,0.0757021249132
