ct_0,ct_1,ct_2,ct_3,ct_4,ct_5
0.043513489881088004,0.029979043090432,0.044763554609152004,0.048061347992512,0.03963734344499201,0.046519186750000004
