ct_0,ct_1,ct_2,ct_3,ct_4,ct_5,ct_6
0.024094286752192,0.056232450838528,0.057879680432128,0.052492442669872005,0.059435508164272004,0.05892558973331201,0.05892558973331201
