ct_0,ct_1,ct_2,ct_3,ct_4,ct_5,ct_6
0.068929125203968,0.0095776675648,0.009710816520112,0.017959041368512,0.004866806940928,0.005231585459248,0.005231585459248
