ct_0,ct_1,ct_2,ct_3,ct_4,ct_5
0.043052077609648,0.042215578455472,0.08123340609131201,0.076008213500848,0.08123340609131201,0.08123867797119999
