ct_0,ct_1,ct_2,ct_3,ct_4,ct_5
0.9583333333333334,0.7083333333333333,0.19999999999999996,0.75,1.0,0.5
