ct_0,ct_1
0.089812036038832,0.090137591403568
