ct_0,ct_1
0.0056192477636320005,0.00835715932
