ct_0,ct_1,ct_2,ct_3,ct_4
0.0506019706252,0.0484690453612,0.082722772549888,0.072794977081648,0.07719801190835199
