ct_0,ct_1,ct_2,ct_3,ct_4
0.0323803733488,0.029831851091967995,0.017880314183728,0.029196176369199998,0.007354134244528
