ct_0,ct_1,ct_2,ct_3,ct_4,ct_5
0.06051213524780799,0.0386129381488,0.057250094128431996,0.07194767911748799,0.06975824575480001,0.067293913283008
