ct_0,ct_1,ct_2,ct_3,ct_4,ct_5,ct_6
0.042083499740848004,0.060391960311472,0.07770157594720001,0.056403094990768,0.0723904133632,0.075646767763888,0.07592977851999999
