ct_0,ct_1,ct_2,ct_3,ct_4,ct_5
0.024292722023871997,0.02932333675,0.020493342089151996,0.046485409918768,0.011912230002688,0.008931242975488
