ct_0,ct_1,ct_2,ct_3,ct_4,ct_5
0.11111111111111116,0.1428571428571429,0.5714285714285714,0.4,0.5,1.0
