ct_0,ct_1,ct_2,ct_3,ct_4,ct_5
0.083965650237232,0.08188455342227201,0.07254465380036801,0.063208364301232,0.080761278622768,0.07769070069380801
