ct_0,ct_1
0.09127053748139201,0.091579852687408
