ct_0,ct_1
0.005652923904448,0.011521647132928001
