ct_0,ct_1,ct_2,ct_3,ct_4,ct_5,ct_6
0.06757293688388799,0.003844230764992,0.031937689419568,0.005214651353008,0.003708014621632,0.005867171689408,0.0114298035568
