ct_0,ct_1,ct_2,ct_3,ct_4,ct_5,ct_6
0.042538515011008,0.07848247541099199,0.054759753552832,0.076405454531008,0.078691238627632,0.075431083567408,0.0674830692268
