ct_0,ct_1,ct_2
0.0714285714285714,0.30000000000000004,0.25
