ct_0,ct_1,ct_2
0.021051718828287998,0.051590240108800006,0.012153799831552
