ct_0,ct_1,ct_2
0.08487690772479999,0.066863090882608,0.082989896901568
