ct_0,ct_1,ct_2,ct_3,ct_4
0.06160899607748801,0.0181207970368,0.060598894889392,0.06842062413764799,0.07018465507
