ct_0,ct_1,ct_2,ct_3,ct_4
0.010931449421248,0.050794615361968005,0.029443857197488,0.004849302061312,0.003649864182208
