ct_0,ct_1,ct_2,ct_3,ct_4,ct_5
0.05653278821636801,0.0300789989872,0.072733763680432,0.07076862297491199,0.080522662020352,0.080035577976832
