ct_0,ct_1,ct_2,ct_3,ct_4,ct_5
0.102332085261568,0.094705974927808,0.10499362882475201,0.085559308988848,0.103546302191152,0.10487813649668801
