ct_0,ct_1,ct_2,ct_3
0.0260111485168,0.022124918756607995,0.022124918756607995,0.008136392687872
