ct_0,ct_1,ct_2,ct_3
0.052409298209200005,0.060587001991167996,0.060587001991167996,0.067777761882112
