ct_0,ct_1,ct_2,ct_3,ct_4,ct_5,ct_6
0.064597843008448,0.06162669541700799,0.07193519966003199,0.0792333788992,0.0576348430732,0.077367489024688,0.079336612635568
