ct_0,ct_1,ct_2,ct_3,ct_4,ct_5
0.009836936507392,0.065827528533952,0.07070055176492801,0.07070055176492801,0.071070111290032,0.070905742692352
