ct_0,ct_1,ct_2,ct_3,ct_4,ct_5
0.011090101811200001,0.058501917106432,0.061532020036527996,0.061532020036527996,0.067042844968192,0.06683638842188801
