ct_0,ct_1,ct_2,ct_3,ct_4,ct_5,ct_6
0.3571428571428571,1.0,0.75,0.1428571428571429,1.0,1.0,1.0
