ct_0,ct_1,ct_2,ct_3,ct_4,ct_5,ct_6
0.061371074297392,0.016078796919088,0.059890387683328,0.0681874839628,0.066442085815552,0.06839146922948801,0.068379170564032
