ct_0,ct_1,ct_2,ct_3,ct_4,ct_5,ct_6,ct_7
0.012679327841200001,0.036268908459568004,0.0100291349068,0.008859414012351999,0.009699742394799999,0.0036699659334880003,0.0036699659334880003,0.0052372307212
