ct_0,ct_1,ct_2,ct_3,ct_4,ct_5,ct_6
0.041363941133248,0.06516469020011201,0.04896972247940801,0.04896972247940801,0.073755021299632,0.064503726512128,0.06865763895620801
