ct_0,ct_1,ct_2,ct_3,ct_4,ct_5,ct_6,ct_7,ct_8
0.065053725687232,0.021005636890047998,0.053424138286528,0.007904800693168,0.0126443145328,0.011266104605632002,0.0089529294508,0.0067589802988,0.003657285942208
