ct_0,ct_1,ct_2,ct_3,ct_4,ct_5,ct_6,ct_7,ct_8
0.2777777777777778,0.1428571428571429,0.5333333333333333,0.75,0.125,1.0,0.4,1.0,1.0
