ct_0,ct_1,ct_2,ct_3,ct_4,ct_5,ct_6
0.016889481122992,0.0537303611968,0.04822000591667199,0.053537533831167994,0.053537533831167994,0.054671850638512,0.055458690183088
