ct_0,ct_1,ct_2,ct_3
0.004774311837951999,0.0314188490752,0.0314188490752,0.0048905678970879995
