ct_0,ct_1,ct_2,ct_3
0.08709370675,0.083601324464128,0.083601324464128,0.085116989021632
