ct_0,ct_1,ct_2,ct_3,ct_4
0.020608167714351998,0.059634102095872,0.042878983274800005,0.042878983274800005,0.059634102095872
