ct_0,ct_1,ct_2,ct_3
0.036020355378352006,0.033459396610048,0.063134855636992,0.063403164532672
