ct_0,ct_1
0.066727799243008,0.009555544342528
