ct_0,ct_1
0.026331361997488,0.06734107480364801
