ct_0,ct_1,ct_2,ct_3,ct_4,ct_5,ct_6
0.0581461375552,0.035019595577392,0.072499715014912,0.0754699869808,0.0715052747788,0.068753878908928,0.0785066643952
