ct_0,ct_1
0.02006347075,0.041085461827888
