ct_0,ct_1
0.0648207371788,0.048612206481711995
