ct_0,ct_1,ct_2,ct_3,ct_4
0.05575967326412801,0.055578774439168005,0.053818301252032005,0.054441331772848,0.0527934822208
