ct_0,ct_1,ct_2
0.085991124181552,0.016472553906112,0.003758147473408
