ct_0,ct_1,ct_2
0.028682198208447997,0.07298845468,0.09172667049164801
