ct_0,ct_1,ct_2,ct_3,ct_4
0.073161644673328,0.010759528769200001,0.035006435403568,0.009679225331968,0.003873663025072
