ct_0,ct_1,ct_2,ct_3,ct_4
0.9523809523809523,0.5,0.05555555555555558,0.4,1.0
