ct_0,ct_1,ct_2,ct_3,ct_4
0.011872786169392002,0.07585230654519999,0.07985434511795199,0.078090548109568,0.07985434511795199
