ct_0,ct_1,ct_2
0.0256031278252,0.068967477313792,0.06938060490879999
