ct_0,ct_1,ct_2
0.07656687751480001,0.045063442276288,0.06793229158835201
