ct_0,ct_1,ct_2
0.024168126500799997,0.040675916058928,0.017615673996208
