ct_0,ct_1
0.064263678097408,0.08791517967999998
