ct_0,ct_1
0.33333333333333337,0.09523809523809523
