ct_0,ct_1,ct_2,ct_3,ct_4,ct_5,ct_6,ct_7
0.38095238095238093,0.6944444444444444,0.75,1.0,1.0,1.0,1.0,0.5
