ct_0,ct_1,ct_2
0.027892236870448,0.07232744782643201,0.06703922137523201
