ct_0,ct_1,ct_2,ct_3,ct_4,ct_5,ct_6,ct_7,ct_8
0.6111111111111112,0.6,0.5714285714285714,0.75,1.0,1.0,0.8,0.5,1.0
