ct_0,ct_1
0.066831410329648,0.079515107853568
