ct_0,ct_1
0.031934268219328,0.005272676816128
