ct_0,ct_1,ct_2,ct_3,ct_4,ct_5
0.059133792407488006,0.07106965072,0.07202256908919999,0.060035776276912,0.083253423321088,0.08275747408
