ct_0,ct_1
0.035800535384512,0.040125422312368
