ct_0,ct_1
0.061306551305008,0.035800535384512
