ct_0,ct_1,ct_2,ct_3
0.007297611877312,0.052968190607152,0.018161438978608,0.0036875966272
