ct_0,ct_1,ct_2,ct_3
0.079962592900912,0.075871554960832,0.059848238307328,0.080037963451312
