ct_0,ct_1,ct_2,ct_3
0.08372996791187201,0.09132471808,0.09441088674999999,0.09441088674999999
