ct_0,ct_1,ct_2,ct_3
0.0235034213488,0.014801625639088,0.0049284081380319995,0.0049284081380319995
