ct_0,ct_1,ct_2,ct_3,ct_4,ct_5,ct_6
0.06532606458880001,0.062775670305328,0.072664684822528,0.08009569852,0.057702656902192,0.07819238288708799,0.08020738734899201
