ct_0,ct_1,ct_2,ct_3
0.01019089168,0.050588097108928,0.059149109153968,0.0591504220672
