ct_0,ct_1,ct_2,ct_3,ct_4,ct_5
0.026923631589808,0.063029756854528,0.062192029769008,0.06774096218372799,0.06774096218372799,0.063354560471728
