ct_0,ct_1,ct_2,ct_3,ct_4,ct_5
0.066897039030208,0.009505456520128,0.0101402178028,0.0050194641472,0.0050194641472,0.010446538434352
