ct_0,ct_1,ct_2,ct_3,ct_4,ct_5,ct_6
0.027085883751088,0.01349565307,0.012885265155328,0.020580954624448,0.003708633407488,0.004001086117888,0.004940294460208
