ct_0,ct_1,ct_2,ct_3,ct_4,ct_5,ct_6
0.050247440633392,0.049603390539712,0.0491649992908,0.042230080560688,0.059127666005248,0.058714962134272,0.057402001946032004
