ct_0,ct_1,ct_2,ct_3,ct_4
0.070564006499632,0.032006508414208,0.0796498926892,0.07461501964676799,0.083322967717888
