ct_0,ct_1,ct_2,ct_3,ct_4
0.020493342089151996,0.046485409918768,0.008931242975488,0.01062491875,0.003625437737392
