ct_0,ct_1,ct_2
0.064393076349232,0.041269331580352,0.058123484827648
