ct_0,ct_1,ct_2
0.023965876839471996,0.039451920870832005,0.017372954429872
