ct_0,ct_1,ct_2,ct_3,ct_4
0.036418677343792005,0.07195784803000001,0.07008509272364799,0.061139584193199994,0.079165371533488
