ct_0,ct_1,ct_2,ct_3,ct_4,ct_5
0.018953001670191996,0.07347071323340801,0.068742017879488,0.076380520687792,0.075173908470208,0.075173908470208
