ct_0,ct_1,ct_2,ct_3,ct_4
0.020272427450368,0.040905374074288,0.0142242813952,0.004889004522928,0.011089772449072001
