ct_0,ct_1,ct_2,ct_3,ct_4
0.05760702809771201,0.032129388327472,0.0725571639808,0.07500868571319999,0.0696437470348
