ct_0,ct_1,ct_2,ct_3,ct_4,ct_5
0.064290089179312,0.058713651802672004,0.05741372494643201,0.061189043059888,0.044534662758448,0.044534662758448
