ct_0,ct_1,ct_2,ct_3,ct_4,ct_5
0.019234532980671997,0.04701414643,0.009845414323648,0.007066376212912,0.0202255355212,0.0202255355212
