ct_0,ct_1,ct_2
0.024148939187248,0.040107897405232004,0.017702215404208
