ct_0,ct_1,ct_2
0.07421030525363201,0.045343320630208,0.065655901817008
