ct_0,ct_1,ct_2
0.3125,0.8095238095238095,0.8333333333333334
