ct_0,ct_1,ct_2,ct_3,ct_4
0.029942983794688,0.036515470791472,0.051302330196928,0.06463998368972801,0.06463998368972801
