ct_0,ct_1,ct_2
0.087744309987328,0.076946598068272,0.087097134727168
