ct_0,ct_1,ct_2
0.014852140122111999,0.027085145862831998,0.00755457532
