ct_0,ct_1,ct_2,ct_3,ct_4
0.019619788380208,0.0415336371532,0.0071584970992,0.009485947331008,0.025441315525888
