ct_0,ct_1,ct_2,ct_3,ct_4
0.050929742951872,0.0317583608812,0.067193726080048,0.067266255585328,0.055672219802032005
