ct_0,ct_1,ct_2,ct_3,ct_4
0.016069900036912,0.048924268511488,0.047010016625200005,0.0536919522928,0.055264287818032
