ct_0,ct_1,ct_2,ct_3
0.035755438326208006,0.053337214702528,0.041243683046848,0.059687616859072
