ct_0,ct_1,ct_2,ct_3,ct_4,ct_5,ct_6
0.08393902287251201,0.081998439479728,0.068233911790768,0.080536045631488,0.080106674385328,0.080510234987968,0.080390774099968
