ct_0,ct_1,ct_2,ct_3,ct_4,ct_5,ct_6
0.004993172426752001,0.023306740110591997,0.036208490964928,0.017614981882672,0.020570353508608,0.007245903265791999,0.007325710009792
