ct_0,ct_1,ct_2,ct_3,ct_4,ct_5,ct_6
0.067663292547328,0.074568306651568,0.077024873246128,0.07908359587,0.07800484840043201,0.071785033389232,0.048479446067200005
