ct_0,ct_1,ct_2,ct_3,ct_4
0.0315780868672,0.037362326535088,0.0524305053772,0.067398678949552,0.067398678949552
