ct_0,ct_1,ct_2,ct_3,ct_4
0.017606676789808002,0.055297822526512,0.057971510633391996,0.061803764844208006,0.061803764844208006
