ct_0,ct_1,ct_2,ct_3,ct_4
0.064180435728832,0.060015126208768,0.018632982946048,0.056698909012528,0.064180435728832
