ct_0,ct_1
0.05578552839500799,0.03078908467
