ct_0,ct_1
0.031877638518832005,0.041372362111408004
