ct_0,ct_1,ct_2,ct_3
0.16666666666666663,0.2857142857142857,0.11904761904761907,0.16666666666666663
