ct_0,ct_1,ct_2,ct_3
0.07200684956075201,0.080132445604528,0.073838839684912,0.081958069249072
