ct_0,ct_1,ct_2,ct_3
0.05402890860395201,0.0116363801068,0.074071349245888,0.012094692388288001
