ct_0,ct_1,ct_2,ct_3,ct_4
0.020280538130992,0.0414333253132,0.012549992765488,0.031732161606592,0.020410018214847996
