ct_0,ct_1,ct_2,ct_3,ct_4
0.06832178512,0.051672634270000004,0.07545920592068799,0.06939203993080001,0.072012397515568
