ct_0,ct_1,ct_2,ct_3,ct_4,ct_5
0.02487758083,0.030214751200432,0.008652577849792,0.004792117509808,0.011456556842032,0.006418797376048
