ct_0,ct_1,ct_2,ct_3,ct_4,ct_5
0.06254008023428799,0.054188392046848,0.065646445723648,0.065823022292992,0.061004510760112,0.063504864935872
