ct_0,ct_1,ct_2,ct_3
0.075691803176368,0.022530111153712,0.037183148000512,0.021825227292927997
