ct_0,ct_1,ct_2,ct_3
0.073731743382832,0.084144847713712,0.080147241331648,0.082364452340992
