ct_0,ct_1
0.08772124077880002,0.08425678503212801
