ct_0,ct_1
0.015013983268528002,0.030231681114111997
