ct_0,ct_1,ct_2,ct_3,ct_4
0.0282066385408,0.04865717350340801,0.059272556986672,0.06697083643,0.066811499006128
