ct_0,ct_1,ct_2,ct_3,ct_4
0.017907707580351998,0.076168445990848,0.080681397010432,0.087642230935552,0.078062609735728
