ct_0,ct_1,ct_2,ct_3,ct_4
0.081838916518192,0.076339126459312,0.0773495446732,0.081838916518192,0.07761222328811201
