ct_0,ct_1,ct_2,ct_3,ct_4
0.089645939282608,0.09180882171332799,0.08906093024588799,0.093823107834112,0.089596030455808
