ct_0,ct_1,ct_2,ct_3,ct_4
0.017770101631792,0.015312056919999999,0.009654479153151999,0.0053944695070720005,0.008092673836287999
