ct_0,ct_1,ct_2,ct_3,ct_4,ct_5,ct_6
0.014759601364528,0.08168428943915201,0.08179520847999999,0.08242413916364799,0.0783810010348,0.086133586589872,0.08168428943915201
