ct_0,ct_1,ct_2
0.23809523809523814,0.2857142857142857,1.0
