ct_0,ct_1,ct_2
0.06678751713280001,0.084441509651248,0.024789945352192
