ct_0,ct_1,ct_2,ct_3
0.030083885616687997,0.07756684963,0.0749431880908,0.085568562017728
