ct_0,ct_1
0.06673322752,0.059908391405872
