ct_0,ct_1
0.052945653105088,0.018109683351807997
