ct_0,ct_1,ct_2
0.029894541654831998,0.0750695200972,0.08638258461611201
