ct_0,ct_1,ct_2
0.07838337147999999,0.014027674961968,0.011648289195952
