ct_0,ct_1,ct_2
0.6904761904761905,1.0,0.4285714285714286
