ct_0,ct_1,ct_2,ct_3,ct_4,ct_5,ct_6
0.0683923802668,0.036543972534208005,0.0738532778992,0.07569274149880001,0.056850865252287996,0.056850865252287996,0.064444587073792
