ct_0,ct_1,ct_2,ct_3,ct_4,ct_5
0.07759284398079999,0.032086008653488,0.069921385130032,0.07534017591236801,0.085703496859312,0.087666275038768
