ct_0,ct_1,ct_2,ct_3,ct_4,ct_5,ct_6
0.062247930634672,0.040915774382128,0.063991684851712,0.05036246939320001,0.05490648215756801,0.061345881622528,0.061345881622528
