ct_0,ct_1,ct_2,ct_3,ct_4
0.07021540373804801,0.03479871453280001,0.07217611815428801,0.076971586953472,0.07720697865860801
