ct_0,ct_1,ct_2,ct_3,ct_4,ct_5,ct_6
0.05578552839500799,0.03078908467,0.05578552839500799,0.06522041695479999,0.07379366741036801,0.07571479307084801,0.075757494092848
