ct_0,ct_1,ct_2,ct_3,ct_4
0.062891776489408,0.026476095533487995,0.053393029147312004,0.071467444025008,0.071467444025008
