ct_0,ct_1
0.024133011940528,0.059314159494592004
