ct_0,ct_1
0.077124873754672,0.012681995912368
