ct_0,ct_1,ct_2,ct_3
0.07350094344068801,0.07410817910276801,0.052799430956992,0.066125131467712
