ct_0,ct_1,ct_2,ct_3,ct_4,ct_5,ct_6
0.068201593430272,0.069533421387712,0.070640775098368,0.071454988828672,0.0603791982592,0.080728270724032,0.08086080558443201
