ct_0,ct_1,ct_2,ct_3,ct_4,ct_5,ct_6,ct_7,ct_8,ct_9
0.07980428961707199,0.016816177650112,0.079388482720192,0.079799046258688,0.079799046258688,0.079799046258688,0.068540925541552,0.068540925541552,0.07021999342412799,0.079388482720192
