ct_0,ct_1,ct_2,ct_3,ct_4,ct_5
0.017235878428672,0.054405362550832004,0.059126790818752,0.058984618923952,0.06096568109099199,0.058984618923952
