ct_0,ct_1,ct_2,ct_3,ct_4,ct_5
0.06672870394720001,0.010919607921088,0.006026856497152,0.013582270134448,0.004712794553392,0.006129537522352
