ct_0,ct_1,ct_2,ct_3,ct_4,ct_5,ct_6
0.067243134404032,0.04095578100932801,0.079296170610688,0.080032238348848,0.065206034585008,0.0854726378668,0.080032238348848
