ct_0,ct_1,ct_2,ct_3,ct_4,ct_5,ct_6
0.018241715488768,0.082944071541808,0.086710530240448,0.08881199128772801,0.086816181197248,0.086816181197248,0.086816181197248
