ct_0,ct_1,ct_2,ct_3,ct_4,ct_5,ct_6
0.034326181362112004,0.064212207514288,0.059688932957872004,0.065920827126832,0.06261962030483201,0.052500928664752,0.065909557215232
