ct_0,ct_1,ct_2,ct_3
0.068040976662448,0.008424499932592,0.006221237638191999,0.006221237638191999
