ct_0,ct_1,ct_2,ct_3
0.03023318608,0.070968806696752,0.078000587827648,0.078000587827648
