ct_0,ct_1,ct_2
0.010919607921088,0.055340823432112,0.063829893197248
