ct_0,ct_1,ct_2
0.039353925588928,0.070595262661552,0.045488738473648
