ct_0,ct_1,ct_2
0.065053725687232,0.009954047229999999,0.030243344961327995
