ct_0,ct_1,ct_2,ct_3,ct_4,ct_5,ct_6,ct_7
0.0714285714285714,0.20833333333333337,1.0,0.1428571428571429,1.0,1.0,1.0,0.6666666666666667
