ct_0,ct_1,ct_2
0.077029117761472,0.0971570100652,0.094754766031792
