ct_0,ct_1,ct_2
0.2142857142857143,0.4285714285714286,0.09523809523809523
