ct_0,ct_1,ct_2,ct_3,ct_4,ct_5
0.061842295748032,0.030081254336511997,0.053971216340992,0.065409717395392,0.07083073146155201,0.07067985818948799
