ct_0,ct_1,ct_2,ct_3,ct_4,ct_5
0.024105143283712,0.0635343129088,0.06097406420320001,0.051182134994608,0.063543683507632,0.063543683507632
