ct_0,ct_1,ct_2,ct_3,ct_4,ct_5
0.5714285714285714,0.2222222222222222,0.375,1.0,1.0,1.0
