ct_0,ct_1,ct_2,ct_3,ct_4,ct_5
0.058315235504127996,0.025247218739199998,0.06014345115443201,0.060037533817648,0.067533899296048,0.067071382695088
