ct_0,ct_1,ct_2,ct_3,ct_4,ct_5
0.4285714285714286,0.3666666666666667,0.47619047619047616,0.75,1.0,1.0
