ct_0,ct_1,ct_2,ct_3,ct_4,ct_5
0.075638324510512,0.05942981161772799,0.043109136336832,0.070169052751792,0.0694446479872,0.075638324510512
