ct_0,ct_1,ct_2,ct_3,ct_4
0.069937888466608,0.0096818304832,0.009775000964032,0.016416968180992,0.0036674916748
