ct_0,ct_1,ct_2,ct_3,ct_4
0.036070583043328,0.07063249948,0.068774865237952,0.059885118575872004,0.07770866874999999
