ct_0,ct_1,ct_2
0.068567363463472,0.055086813438208,0.094573223816128
