ct_0,ct_1,ct_2
0.5357142857142857,0.8888888888888888,0.2727272727272727
