ct_0,ct_1,ct_2,ct_3,ct_4,ct_5,ct_6
0.05180199595115201,0.031664973581872,0.05412638017988801,0.057557056956352,0.0377224041328,0.0557394222508,0.055691602965952
