ct_0,ct_1
0.011526274115008,0.011109206292928001
