ct_0,ct_1
0.09709362279520001,0.085619702801968
