ct_0,ct_1,ct_2,ct_3,ct_4,ct_5,ct_6
0.046034100555712,0.029951622275631997,0.007351259572672001,0.0225530324332,0.012618644160688001,0.012618644160688001,0.005047327502512
