ct_0,ct_1,ct_2,ct_3,ct_4,ct_5,ct_6
0.073163038109632,0.0699484328512,0.078536073637888,0.058120435600431994,0.070992747644848,0.070992747644848,0.082014781544368
