ct_0,ct_1
0.018098917813168,0.071670968058112
