ct_0,ct_1
0.06807463811396801,0.009723846181552
