ct_0,ct_1,ct_2,ct_3,ct_4
0.056951795271472004,0.031294976604208,0.049104059292592005,0.06225991117619201,0.065259973033648
