ct_0,ct_1,ct_2,ct_3,ct_4
0.020033896054191997,0.042100004496831996,0.0699186346828,0.022870712510512,0.003674605317568
