ct_0,ct_1,ct_2,ct_3,ct_4
0.061764797709232,0.062459679596992,0.062105987000752,0.070311805289728,0.070282880823472
