ct_0,ct_1,ct_2,ct_3,ct_4,ct_5,ct_6
0.031780386641968,0.0780967044268,0.06105923665028801,0.085860923374528,0.085838985483568,0.083781732705712,0.083920143233968
