ct_0,ct_1,ct_2,ct_3,ct_4,ct_5,ct_6
0.7142857142857143,0.8666666666666667,0.3571428571428571,0.5333333333333333,0.75,0.5,0.6666666666666667
