ct_0,ct_1,ct_2,ct_3,ct_4,ct_5,ct_6
0.08269000299519999,0.039941892127168005,0.082815802017712,0.06909536170931199,0.08091489119027201,0.09098836800452799,0.08889428929120001
