ct_0,ct_1,ct_2
0.05247250194227201,0.048987239592112,0.06707636582444801
