ct_0,ct_1,ct_2
0.036858577907248,0.021351252078592,0.007326668018608
