ct_0,ct_1,ct_2,ct_3,ct_4,ct_5
0.051521392249647996,0.036839803131951995,0.053023481549872006,0.05482323773843201,0.050307885617199996,0.049968534749632
