ct_0,ct_1,ct_2,ct_3,ct_4
0.014998706649088,0.0071600915212,0.0173294344492,0.014152079568832,0.024916141784752
