ct_0,ct_1,ct_2,ct_3,ct_4
0.08951698500812799,0.08579852685203199,0.071278838360512,0.07560736830980799,0.069892506985408
