ct_0,ct_1,ct_2,ct_3,ct_4
0.051936516362032004,0.054116545484032,0.097006423979968,0.091233760172848,0.095834266173232
