ct_0,ct_1,ct_2,ct_3,ct_4
0.044940816138688,0.041622357787072004,0.0043111053808,0.013659871420672001,0.0050341776506080006
