ct_0,ct_1,ct_2,ct_3,ct_4,ct_5,ct_6
0.0655532560492,0.033685859359168006,0.06429277522052801,0.071040636549808,0.067319306786752,0.061951723723312,0.0710535313132
