ct_0,ct_1,ct_2,ct_3,ct_4,ct_5,ct_6
0.3571428571428571,0.7333333333333334,0.75,1.0,0.5714285714285714,0.4,0.33333333333333337
