ct_0,ct_1,ct_2,ct_3,ct_4,ct_5,ct_6
0.09210924714803201,0.098024486212528,0.0684835014508,0.0857161656268,0.053086871435199995,0.092478357774592,0.092478357774592
