ct_0,ct_1,ct_2,ct_3,ct_4,ct_5,ct_6,ct_7,ct_8,ct_9
0.078697883839408,0.062126829428992,0.049334559389872,0.078697883839408,0.079503204392368,0.0818624545792,0.0861575001712,0.087592186598848,0.086083813951792,0.087886203026992
