ct_0,ct_1,ct_2,ct_3,ct_4,ct_5
0.057010295499711997,0.05833180363667201,0.046528249815088005,0.059401769209791996,0.046914229408048,0.06035235631403199
