ct_0,ct_1,ct_2,ct_3,ct_4,ct_5
0.30000000000000004,0.33333333333333337,0.7142857142857143,0.3125,0.6666666666666667,1.0
