ct_0,ct_1,ct_2,ct_3,ct_4
0.071750392594432,0.003694402207168,0.019556968633792,0.004924342051072,0.018905144639488
