ct_0,ct_1,ct_2,ct_3,ct_4
0.049270644403648006,0.07854556119884801,0.0567478177792,0.076676590172608,0.057555319035328
