ct_0,ct_1,ct_2
0.38888888888888884,0.3214285714285714,0.3214285714285714
