ct_0,ct_1,ct_2
0.0737624706892,0.067503944550832,0.067503944550832
