ct_0,ct_1,ct_2
0.029875394076927998,0.052446200072128,0.052446200072128
