ct_0,ct_1,ct_2,ct_3,ct_4
0.006082134939951999,0.005031046958128,0.005006317524928,0.007915390796032,0.049919084597248004
