ct_0,ct_1,ct_2,ct_3,ct_4
0.08678095973267201,0.086710041209392,0.084722958521008,0.0803033629612,0.043417793519872
