ct_0,ct_1,ct_2,ct_3,ct_4,ct_5
0.7777777777777778,0.25,1.0,0.16666666666666663,0.1428571428571429,0.25
