ct_0,ct_1,ct_2,ct_3,ct_4,ct_5
0.035052887534128,0.08876370787,0.079182966150592,0.089069807384512,0.08901211098731199,0.08735778486707199
