ct_0,ct_1,ct_2,ct_3,ct_4,ct_5,ct_6
0.07547139323972801,0.014562197555200001,0.011176094867632,0.021190407122607998,0.008864265979312,0.0037634096428000004,0.006645264010288001
