ct_0,ct_1,ct_2,ct_3,ct_4,ct_5,ct_6
0.021195020511232,0.075211367685568,0.075283492242688,0.07374664100075201,0.07412543038355199,0.08175198778720001,0.07737457266476801
