ct_0,ct_1,ct_2,ct_3,ct_4,ct_5,ct_6
0.0523965749452,0.017897304389632,0.010579643657008,0.032776464283648,0.0063009808810719995,0.004951556337328,0.0049553105452
