ct_0,ct_1,ct_2,ct_3,ct_4,ct_5,ct_6
0.058672598684848004,0.0593956354048,0.072465900465328,0.051392628164608,0.0752427440332,0.077258897553328,0.079093578738112
