ct_0,ct_1,ct_2,ct_3,ct_4
0.0326531107852,0.0615417511948,0.07024156610603201,0.061766126024127996,0.070585149936688
