ct_0,ct_1,ct_2,ct_3,ct_4
0.071398717646272,0.021136476797872,0.006418797376048,0.017723686029999998,0.009540580898752
