ct_0,ct_1
0.06131185387,0.043697719056832
