ct_0,ct_1,ct_2,ct_3,ct_4
0.053430531145648,0.016695811059712,0.050965539309232005,0.056673376960768,0.0583400881708
