ct_0,ct_1,ct_2,ct_3
0.5714285714285714,0.5,0.18181818181818177,0.25
