ct_0,ct_1,ct_2,ct_3
0.04871214688235201,0.067454028338992,0.07541374299999999,0.07360235755691201
