ct_0,ct_1,ct_2
0.09931459073171199,0.093528911257648,0.1065276606832
