ct_0,ct_1,ct_2
0.2142857142857143,0.5833333333333333,0.09523809523809523
