ct_0,ct_1,ct_2,ct_3,ct_4,ct_5,ct_6
0.5,0.6666666666666667,0.125,0.1428571428571429,0.19999999999999996,1.0,1.0
