ct_0,ct_1,ct_2,ct_3,ct_4,ct_5,ct_6
0.05493609754820801,0.0356007971392,0.063335389216192,0.06498726208403201,0.065040251805952,0.051917052029488,0.063318448506112
