ct_0,ct_1,ct_2,ct_3,ct_4
0.06754751633348799,0.009595564269999999,0.007333374298048,0.007333374298048,0.003811709444272
