ct_0,ct_1,ct_2,ct_3,ct_4
0.009796185929392,0.053835808259248004,0.060148726358272,0.060148726358272,0.060148726358272
