ct_0,ct_1,ct_2,ct_3,ct_4
0.064263678097408,0.069516030222592,0.021510140431407997,0.074872095560368,0.0763974566188
