ct_0,ct_1,ct_2,ct_3,ct_4
0.028847000319999996,0.008477690232832,0.052562886897328,0.008675506284208,0.004922778210352
