ct_0,ct_1,ct_2
0.010398052739248001,0.059274308513968,0.067048280461312
