ct_0,ct_1,ct_2,ct_3,ct_4,ct_5,ct_6
0.07931377401899199,0.07392874271948799,0.026185662089151997,0.07939800128147201,0.074213570243248,0.07938039221483201,0.0792547834732
