ct_0,ct_1,ct_2,ct_3
0.007491241443328,0.077208394489792,0.077107418038528,0.075211367685568
