ct_0,ct_1,ct_2,ct_3
0.9523809523809523,0.09090909090909094,1.0,0.6666666666666667
