ct_0,ct_1,ct_2,ct_3,ct_4,ct_5
0.020296408175872,0.041875503419392,0.0230930607472,0.010779897072688,0.006891258993712001,0.011109535706032
