ct_0,ct_1,ct_2,ct_3,ct_4,ct_5
0.052080439863472,0.026452943852992,0.062235063347200005,0.0667128721228,0.070774603106992,0.063774945560752
