ct_0,ct_1,ct_2,ct_3,ct_4
0.011081538676672002,0.013597047777327998,0.0501001810432,0.019697737361199997,0.0072925038448
