ct_0,ct_1,ct_2,ct_3,ct_4
0.082477098271168,0.08415889792,0.038942287836208,0.06941719888,0.07883842224299199
