ct_0,ct_1,ct_2,ct_3,ct_4
0.057418066958272,0.05733731968,0.0510017631532,0.08416277396684801,0.07574623159019199
