ct_0,ct_1,ct_2,ct_3
0.012417126627328,0.04601396605508801,0.0101140716652,0.003667800954112
