ct_0,ct_1,ct_2,ct_3
0.059804780103088,0.042875345139712,0.06047162954080001,0.064177303535152
