ct_0,ct_1,ct_2,ct_3,ct_4,ct_5
0.0183032572588,0.069844384364848,0.07463604331340801,0.0725988691312,0.07779852774519999,0.07805171931999999
