ct_0,ct_1,ct_2,ct_3,ct_4
0.05789447511596801,0.070025925172912,0.057324298724799994,0.074392743107248,0.08170973432108801
