ct_0,ct_1,ct_2,ct_3,ct_4
0.026976713883568,0.013426870436800001,0.025485495733168,0.010132700221888,0.004005429134272
