ct_0,ct_1,ct_2,ct_3
0.052945653105088,0.003693164797888,0.0093631109632,0.011389849331632
