ct_0,ct_1,ct_2,ct_3
0.016067504822272,0.069721142255872,0.065006121453568,0.060806461220799995
