ct_0,ct_1,ct_2,ct_3,ct_4
0.023884908021808,0.045119058407872004,0.03873424936580801,0.05135802333279999,0.056893310789632
