ct_0,ct_1
0.019619788380208,0.0415336371532
