ct_0,ct_1
0.054620412122032,0.0515099902192
