ct_0,ct_1,ct_2,ct_3,ct_4
0.043456715047168,0.023375873381631995,0.048972641892352,0.049669084753071996,0.056187112414768
