ct_0,ct_1,ct_2,ct_3,ct_4,ct_5
0.092664588826672,0.092368572762112,0.092071863693232,0.0894591970252,0.08737837292435201,0.09171223422251201
