ct_0,ct_1,ct_2,ct_3,ct_4,ct_5
0.026976713883568,0.013426870436800001,0.010132700221888,0.0056560717127679995,0.006995024199088,0.004234607890432
