ct_0,ct_1
0.064184910364672,0.082737712937392
