ct_0,ct_1
0.040520174944048,0.0404052504748
