ct_0,ct_1,ct_2,ct_3,ct_4,ct_5,ct_6,ct_7
0.021776406865072,0.023222167216432,0.0061440782092,0.021081857221167996,0.03501262830212801,0.004807738831408,0.004977525487552,0.005085533334832
