ct_0,ct_1,ct_2,ct_3,ct_4,ct_5,ct_6
0.0552509613808,0.016078796919088,0.053811042674991996,0.061883048185792,0.060184337238448,0.062081599348671995,0.062069628185008
