ct_0,ct_1,ct_2,ct_3,ct_4,ct_5,ct_6
0.8333333333333334,0.8333333333333334,1.0,0.625,0.0714285714285714,1.0,1.0
