ct_0,ct_1,ct_2,ct_3,ct_4,ct_5,ct_6
0.047890371341248,0.04067112206507201,0.06048747872915199,0.072811674258352,0.0803965069888,0.078612458310448,0.080548473876928
