ct_0,ct_1,ct_2,ct_3,ct_4,ct_5
0.046441755794608006,0.025332926829999994,0.061325552738752,0.062777894008768,0.059952309015472,0.063341630844928
