ct_0,ct_1,ct_2,ct_3,ct_4,ct_5,ct_6,ct_7,ct_8,ct_9,ct_10
0.9047619047619048,0.6111111111111112,1.0,0.2222222222222222,0.2666666666666667,1.0,0.6666666666666667,1.0,1.0,0.5,0.5
