ct_0,ct_1,ct_2,ct_3
0.036265009930288,0.07489828522283201,0.046073553754048,0.05789621573267201
