ct_0,ct_1,ct_2,ct_3,ct_4
0.0695476098412,0.011701232028592001,0.0036597599727999997,0.011705534605311999,0.011705534605311999
