ct_0,ct_1,ct_2,ct_3,ct_4
0.0144776375152,0.065592868391728,0.075454049923072,0.06394608569132801,0.06394608569132801
