ct_0,ct_1,ct_2,ct_3,ct_4,ct_5,ct_6
0.0598780932928,0.042783202394367996,0.07587249394508801,0.0680805521008,0.0791834416972,0.0791834416972,0.0791834416972
