ct_0,ct_1,ct_2,ct_3,ct_4,ct_5,ct_6,ct_7
0.375,0.7142857142857143,0.8888888888888888,0.7142857142857143,1.0,0.8,1.0,1.0
