ct_0,ct_1,ct_2
0.054713010409648,0.033024206897152,0.07155510951428799
