ct_0,ct_1,ct_2
0.019970894123007996,0.040017909470127996,0.007275265868032
