ct_0,ct_1,ct_2,ct_3,ct_4,ct_5,ct_6
0.053666350244799994,0.027377250278848,0.044581969254832,0.05710392861740799,0.062283430367152004,0.06055881393356801,0.057576609520432
