ct_0,ct_1,ct_2,ct_3,ct_4,ct_5,ct_6
0.023965876839471996,0.039451920870832005,0.017372954429872,0.009847696912432,0.025129129230592,0.0062215539712,0.007126294399792
