ct_0,ct_1,ct_2,ct_3
0.071398717646272,0.006418797376048,0.016653192287488,0.017723686029999998
