ct_0,ct_1,ct_2,ct_3
0.018920513012992,0.079149680035072,0.079654180268032,0.070447290874288
