ct_0,ct_1,ct_2,ct_3,ct_4,ct_5,ct_6
0.0371004809452,0.0798595895788,0.078017630538688,0.070827050519728,0.052673693737407996,0.08176495326020801,0.078114700652848
