ct_0,ct_1,ct_2,ct_3,ct_4,ct_5
0.05098365043244799,0.08436973820919999,0.058690940623792,0.089615795273728,0.079018478891008,0.090743186683312
