ct_0,ct_1,ct_2,ct_3,ct_4,ct_5
0.034931364108208005,0.047538091656448005,0.0049725189231999995,0.003610908107008,0.0086522549452,0.0065928901511680005
