ct_0,ct_1,ct_2,ct_3,ct_4,ct_5
0.06419341241080001,0.034288403792128004,0.082619658331072,0.08473703859404799,0.077101285229872,0.080153923545088
