ct_0,ct_1,ct_2,ct_3,ct_4,ct_5
0.026572046170047995,0.069474845597632,0.0748075683148,0.074304540541888,0.074304540541888,0.079985488002352
