ct_0,ct_1,ct_2,ct_3,ct_4,ct_5
0.06985080016388799,0.011731684172847999,0.007972529394112,0.008318833919152,0.008318833919152,0.007023050177199999
