ct_0,ct_1,ct_2,ct_3,ct_4,ct_5,ct_6
0.013346725794352001,0.0692297132272,0.0726823004272,0.074407213140928,0.076015729494448,0.076015729494448,0.0761952395212
