ct_0,ct_1,ct_2,ct_3,ct_4,ct_5,ct_6,ct_7,ct_8,ct_9,ct_10,ct_11,ct_12,ct_13
0.014743337470000001,0.029382088634368,0.006204789512367999,0.012033289505968001,0.019081282527232,0.0047209116652000005,0.008140572532528,0.005044509548799999,0.005044509548799999,0.004744954230208,0.005211515683888,0.003685740632512,0.003676151822128,0.006074236399552
