ct_0,ct_1,ct_2
0.022622534184112,0.023701442952111997,0.033149745774591996
