ct_0,ct_1,ct_2
0.07652027560595201,0.06006873246611201,0.049183368381232
