ct_0,ct_1,ct_2,ct_3,ct_4
0.0789315231148,0.046094516504368,0.080589586849792,0.0843842849452,0.082500692512048
