ct_0,ct_1,ct_2,ct_3,ct_4
0.010931449421248,0.050794615361968005,0.0178137603052,0.012342595397632,0.014820608698288
