ct_0,ct_1,ct_2,ct_3,ct_4
0.01582341532,0.062584512615088,0.068823688336432,0.06922331384243201,0.06922331384243201
