ct_0,ct_1,ct_2,ct_3,ct_4
0.069476218305712,0.011909909438511999,0.010187621771199999,0.004759007451568,0.004759007451568
