ct_0,ct_1,ct_2,ct_3,ct_4
0.015822049112512,0.057155964434367997,0.06553840314572801,0.0655217510092,0.059043663860992
