ct_0,ct_1,ct_2,ct_3,ct_4,ct_5,ct_6
0.08568595645316801,0.043988627405248004,0.084002448714928,0.0672857516608,0.085749302087728,0.09221045607851201,0.09195824783492801
