ct_0,ct_1,ct_2,ct_3,ct_4,ct_5,ct_6
0.7142857142857143,0.8333333333333334,0.4285714285714286,0.6666666666666667,0.625,1.0,0.6666666666666667
