ct_0,ct_1,ct_2,ct_3,ct_4,ct_5
0.8333333333333334,0.7857142857142857,0.7857142857142857,0.19999999999999996,0.16666666666666663,0.16666666666666663
