ct_0,ct_1,ct_2,ct_3,ct_4,ct_5
0.029875394076927998,0.052446200072128,0.052446200072128,0.024885219493312,0.009881614647088,0.009881614647088
