ct_0,ct_1,ct_2,ct_3,ct_4,ct_5
0.047675199297328004,0.031371865153792,0.031371865153792,0.07084361519339201,0.075449362743232,0.075449362743232
