ct_0,ct_1,ct_2,ct_3,ct_4,ct_5,ct_6,ct_7
1.0,0.7083333333333333,1.0,0.125,0.18518518518518523,0.2666666666666667,1.0,1.0
