ct_0,ct_1,ct_2,ct_3,ct_4,ct_5
0.071349836731648,0.011074622725168001,0.009855523252528,0.016506877400511998,0.013359465157552,0.004858679338432001
