ct_0,ct_1,ct_2,ct_3,ct_4,ct_5
0.033861863219200004,0.0542752391788,0.055949781061168005,0.042732300672448,0.053575914586048004,0.057624846659007994
