ct_0,ct_1,ct_2,ct_3,ct_4,ct_5,ct_6
0.053926355467312,0.057294787438528005,0.07819333037483199,0.09858093256499201,0.093690256503472,0.09937640563,0.09937640563
