ct_0,ct_1,ct_2,ct_3
0.046926200267008,0.075805834651072,0.036723678474688,0.036723678474688
