ct_0,ct_1,ct_2,ct_3,ct_4,ct_5,ct_6
0.052436443771312,0.037242331450288,0.059293138305472,0.074797282883248,0.074797282883248,0.05569763364044801,0.073040909733808
