ct_0,ct_1,ct_2,ct_3,ct_4,ct_5,ct_6
0.022992082956591997,0.035630704480048,0.017429274437631998,0.003666563842048,0.003666563842048,0.020311574520111998,0.004838675420608
