ct_0,ct_1,ct_2,ct_3,ct_4,ct_5
0.024194196173247997,0.0049709544172,0.005009447534847999,0.025339128840448,0.01874038912,0.01874038912
