ct_0,ct_1,ct_2,ct_3,ct_4,ct_5
0.091244693473072,0.09370328828919999,0.09364164307244799,0.065136382502848,0.07359258652,0.07359258652
