ct_0,ct_1,ct_2,ct_3,ct_4,ct_5,ct_6
0.007542737628208,0.003838655004928,0.008390341603888,0.009788689293568001,0.050645699377071994,0.020200509244672,0.008593177951168
