ct_0,ct_1,ct_2,ct_3,ct_4,ct_5,ct_6
0.078541766132992,0.07841608582955199,0.071675585063872,0.069691371942832,0.045244662398512,0.056040367642288,0.076785407394352
