ct_0,ct_1
0.027074815790128,0.065166936989632
