ct_0,ct_1
0.061052174498608,0.0098626978348
