ct_0,ct_1,ct_2,ct_3,ct_4
0.017425818561472,0.0461528952172,0.049959314317312,0.0618006649408,0.0618006649408
