ct_0,ct_1,ct_2,ct_3,ct_4
0.25,0.16666666666666663,0.16666666666666663,0.2857142857142857,0.5833333333333333
