ct_0,ct_1,ct_2,ct_3,ct_4
0.057778755131391996,0.05610423250283201,0.059153047916992,0.052979247627568005,0.048776301518128
