ct_0,ct_1,ct_2,ct_3,ct_4
0.012380188322608001,0.025912979113407997,0.010898887990192,0.024618456107008,0.018663662060799998
