ct_0,ct_1,ct_2
0.020280538130992,0.005136598900672,0.007312298702848
