ct_0,ct_1,ct_2
0.059160925652992,0.057100026432688,0.057503187832768
