ct_0,ct_1,ct_2,ct_3
0.024168126500799997,0.040675916058928,0.017615673996208,0.009906080351488001
