ct_0,ct_1,ct_2,ct_3
0.0576131123212,0.0443255932528,0.054359981518768,0.0629438431948
