ct_0,ct_1,ct_2,ct_3
0.019218430394367998,0.06109764097120001,0.065519050774192,0.072328373674432
