ct_0,ct_1,ct_2,ct_3
0.0828153199168,0.011566602126592,0.01068235648,0.003622037014528
