ct_0,ct_1,ct_2,ct_3,ct_4
0.044455980299200004,0.07617784690988799,0.070937042507008,0.041125905564928,0.041125905564928
