ct_0,ct_1,ct_2,ct_3,ct_4
0.062915360796592,0.004819924961728,0.0084280452208,0.031355575444528,0.031355575444528
