ct_0,ct_1,ct_2,ct_3,ct_4,ct_5
0.045090839402799995,0.060724469450752,0.071284369964992,0.08029381158519999,0.06785728675691201,0.07110557777708801
