ct_0,ct_1,ct_2,ct_3,ct_4,ct_5
0.7619047619047619,1.0,0.8571428571428572,0.25,0.4666666666666667,0.75
