ct_0,ct_1,ct_2,ct_3,ct_4,ct_5
0.040675916058928,0.017615673996208,0.010978497549232,0.007257711259311999,0.025955829019311996,0.012453076817152
