ct_0,ct_1,ct_2,ct_3,ct_4
0.028795155217072002,0.06143782635520001,0.044343108866608,0.063078292261168,0.066050244395008
