ct_0,ct_1,ct_2,ct_3,ct_4,ct_5,ct_6
0.030848743235248,0.068432013734848,0.0560735922688,0.077792378504128,0.070553895067312,0.077792378504128,0.077924855992768
