ct_0,ct_1
0.070223206255792,0.010353515002288
