ct_0,ct_1
0.019007865068992,0.06719417932076799
