ct_0,ct_1,ct_2,ct_3,ct_4,ct_5
0.0215642089132,0.033455944422448,0.037307024631808,0.0370025839852,0.0436526597932,0.045381815037952
