ct_0,ct_1,ct_2,ct_3,ct_4,ct_5
0.020071217511087997,0.065768053110208,0.067328376551872,0.0756223769068,0.06981322432119999,0.0756223769068
