ct_0,ct_1,ct_2,ct_3
0.060868195172799996,0.011308989018112,0.049100720646832,0.049100720646832
