ct_0,ct_1,ct_2,ct_3
0.057628323620800004,0.072222386535088,0.0269796634252,0.0269796634252
