ct_0,ct_1,ct_2,ct_3,ct_4,ct_5,ct_6,ct_7,ct_8
0.017343248829999998,0.068906755955248,0.070576416556288,0.067027898003632,0.07596453116723201,0.076000228,0.0743054737408,0.07222655111315202,0.076000228
