ct_0,ct_1,ct_2,ct_3,ct_4
0.023970577253632,0.040088781232432,0.0098463925708,0.0072206955628,0.007213995688192001
