ct_0,ct_1,ct_2,ct_3,ct_4
0.071490510866608,0.066261884321968,0.069807725904688,0.066284909928448,0.066294391713712
