ct_0,ct_1,ct_2,ct_3,ct_4
0.044199365171199996,0.023716602868911998,0.03261112243,0.048874656175792,0.048874656175792
