ct_0,ct_1,ct_2,ct_3,ct_4
0.010971258225712,0.052107542515888006,0.0170000266048,0.003683266021312,0.003683266021312
