ct_0,ct_1,ct_2,ct_3,ct_4,ct_5,ct_6
0.034948774656448,0.049690848041008,0.058484027201199995,0.0742611506092,0.0742611506092,0.075164076342448,0.071746236025648
