ct_0,ct_1,ct_2,ct_3,ct_4,ct_5,ct_6
0.067872740373808,0.0611616627052,0.016841296021552,0.006698614289199999,0.006698614289199999,0.004737147641008,0.010517991021232
