ct_0,ct_1
0.9047619047619048,0.33333333333333337
