ct_0,ct_1
0.014229006258112001,0.07316628949124801
