ct_0,ct_1,ct_2,ct_3,ct_4,ct_5,ct_6,ct_7
0.30952380952380953,0.19999999999999996,0.2857142857142857,1.0,0.5277777777777778,1.0,1.0,1.0
