ct_0,ct_1,ct_2,ct_3,ct_4,ct_5,ct_6
0.0606984675532,0.045547346003200005,0.041330661948592,0.063516019028272,0.059303210710192004,0.059303210710192004,0.0606984675532
