ct_0,ct_1,ct_2,ct_3,ct_4
0.053390472436528,0.07302001923116799,0.027365792266671997,0.064857084220672,0.068240740170688
