ct_0,ct_1,ct_2,ct_3,ct_4
0.052945653105088,0.003693164797888,0.068634382939072,0.0093631109632,0.006955862736832
