ct_0,ct_1,ct_2,ct_3,ct_4
0.067452213401008,0.051454678198192,0.07986531092804801,0.079824310674352,0.074431020486832
