ct_0,ct_1,ct_2,ct_3,ct_4
0.5714285714285714,0.625,1.0,0.125,0.19999999999999996
