ct_0,ct_1,ct_2,ct_3,ct_4
0.019970894123007996,0.040017909470127996,0.003683884668928,0.012235865059888001,0.028408523169328
