ct_0,ct_1,ct_2,ct_3,ct_4,ct_5,ct_6
0.052039792520368,0.034624452440752004,0.05561365020740801,0.06991955149508801,0.068879367863728,0.069942014475712,0.065261771196208
