ct_0,ct_1,ct_2
0.081397842085888,0.081397842085888,0.030498652250799996
