ct_0,ct_1,ct_2
0.014969176812592001,0.014969176812592001,0.05063014096172801
