ct_0,ct_1,ct_2,ct_3,ct_4
0.010611137632048,0.0461528952172,0.04778171975679999,0.055252250999728,0.055252250999728
