ct_0,ct_1,ct_2,ct_3,ct_4,ct_5
0.09319398036812801,0.099640154959792,0.101637446152192,0.075462018327088,0.10089610583084799,0.098712430954432
