ct_0,ct_1,ct_2,ct_3,ct_4,ct_5
0.010323068250112,0.004866806940928,0.003656358194992,0.0213420155632,0.005821452987567999,0.005436247967152
