ct_0,ct_1,ct_2,ct_3,ct_4,ct_5
0.076220155322368,0.068473020755968,0.028432706910207998,0.074152941629488,0.059796440608192,0.07600492532320001
