ct_0,ct_1,ct_2,ct_3,ct_4,ct_5
0.011594045747248,0.018186107803648,0.044308893806512,0.0050269771870719996,0.015391360393648001,0.0037949879027679998
