ct_0,ct_1,ct_2,ct_3,ct_4,ct_5
0.053134532836288,0.07071664797764801,0.066769871643952,0.075258667842352,0.062445912161200004,0.062445912161200004
