ct_0,ct_1,ct_2,ct_3,ct_4
0.024168126500799997,0.040675916058928,0.009906080351488001,0.007287715265200001,0.007257711259311999
