ct_0,ct_1,ct_2,ct_3,ct_4
0.07251592910315201,0.067160641841152,0.07081876860280001,0.067202791058608,0.06724540108715199
