ct_0,ct_1,ct_2
0.026469112919488,0.064892988097792,0.07857687260204799
