ct_0,ct_1,ct_2
0.7380952380952381,0.16666666666666663,0.16666666666666663
