ct_0,ct_1,ct_2,ct_3
0.1071428571428571,0.2857142857142857,0.19999999999999996,1.0
