ct_0,ct_1,ct_2,ct_3
0.07743361055876799,0.058303464168112,0.081620447875072,0.0393313187788
