ct_0,ct_1,ct_2,ct_3
0.05120448177299201,0.073360985014528,0.008186238805552,0.037471411813552
