ct_0,ct_1,ct_2,ct_3,ct_4,ct_5,ct_6
0.046076841880000004,0.098889891978688,0.083594555449792,0.083594555449792,0.085471177352128,0.09774588786999999,0.090544813780912
