ct_0,ct_1,ct_2,ct_3,ct_4,ct_5,ct_6
0.9,0.06666666666666665,0.8,0.8,1.0,0.6666666666666667,1.0
