ct_0,ct_1,ct_2,ct_3,ct_4,ct_5,ct_6
0.073466527800112,0.057553581128128,0.04261721642756801,0.07403405868332799,0.0771253455472,0.080012678520832,0.080223142144048
