ct_0,ct_1,ct_2,ct_3,ct_4,ct_5
0.016135956201472,0.065807251130032,0.069334412917552,0.074670619369408,0.0709476301132,0.07461735552332799
