ct_0,ct_1,ct_2,ct_3,ct_4,ct_5,ct_6
0.0299963243248,0.074324605080112,0.059032728425392006,0.0799001184832,0.0799001184832,0.059032728425392006,0.08176687412459199
