ct_0,ct_1,ct_2,ct_3,ct_4,ct_5
0.019847785974208,0.064609498177792,0.062121507776512,0.07220572892267199,0.0633469809472,0.071816445243952
