ct_0,ct_1,ct_2,ct_3,ct_4,ct_5
0.066012358803712,0.09523556606867199,0.054667992318208,0.089493275686912,0.089493275686912,0.09523556606867199
