ct_0,ct_1,ct_2,ct_3,ct_4
0.059307590159152,0.036015683768368,0.014138588289472,0.009735899849152,0.009735899849152
