ct_0,ct_1,ct_2,ct_3,ct_4
0.034361267964208,0.059117163995392,0.050604493183792,0.056263977451311994,0.056263977451311994
