ct_0,ct_1,ct_2
0.074308273358272,0.053607477338368,0.077759269715968
