ct_0,ct_1,ct_2
0.010907109774592002,0.050470420285887996,0.012376528349632
