ct_0,ct_1,ct_2
0.5714285714285714,0.4666666666666667,0.25
