ct_0,ct_1,ct_2,ct_3,ct_4,ct_5
0.029255630114752,0.076478858795968,0.07941227977139201,0.067645127857408,0.08855195013880002,0.088482548082112
