ct_0,ct_1,ct_2,ct_3,ct_4,ct_5
1.0,1.0,0.16000000000000003,1.0,1.0,0.33333333333333337
