ct_0,ct_1,ct_2,ct_3,ct_4
0.0507596903152,0.024957623834799998,0.0507596903152,0.059940011213872,0.068482590067888
