ct_0,ct_1,ct_2,ct_3,ct_4
0.5238095238095238,1.0,0.9166666666666666,0.8571428571428572,1.0
