ct_0,ct_1,ct_2,ct_3,ct_4,ct_5
0.19999999999999996,0.33333333333333337,0.5416666666666667,1.0,1.0,1.0
