ct_0,ct_1,ct_2,ct_3,ct_4,ct_5
0.054509004684592,0.05134325474680001,0.0429942270832,0.052188448034752005,0.064236822454528,0.064236822454528
