ct_0,ct_1,ct_2,ct_3,ct_4,ct_5,ct_6
0.048968054262448005,0.074035923080128,0.069824221527472,0.070441318739392,0.070441318739392,0.07444595957675201,0.077839211018032
