ct_0,ct_1,ct_2,ct_3
0.030864227780032,0.055056318160047996,0.042409031926192,0.066834125639728
