ct_0,ct_1,ct_2,ct_3
0.04403417268371201,0.018462974739712,0.030173750438848002,0.007697680896688
