ct_0,ct_1,ct_2,ct_3,ct_4,ct_5,ct_6
0.042909708095151995,0.07477250606079999,0.071089916618752,0.042986946450688,0.071186663269312,0.07270362624947199,0.070479451033648
