ct_0,ct_1,ct_2,ct_3,ct_4,ct_5,ct_6
0.0600296249932,0.013688437610032,0.016222939269568,0.0285413927488,0.012382184715567998,0.005074571329792,0.0065938421932
