ct_0,ct_1,ct_2,ct_3,ct_4,ct_5,ct_6
0.5,0.11111111111111116,0.2727272727272727,1.0,0.375,1.0,1.0
