ct_0,ct_1,ct_2,ct_3,ct_4,ct_5,ct_6
0.013056406127872,0.066401878576048,0.068427457831168,0.06899852872499201,0.06899852872499201,0.066401878576048,0.06899852872499201
