ct_0,ct_1,ct_2,ct_3,ct_4,ct_5,ct_6
0.06985080016388799,0.011731684172847999,0.007972529394112,0.008318833919152,0.008318833919152,0.008170157144752001,0.0051839255212000005
