ct_0,ct_1,ct_2
0.074170662329392,0.067889104115632,0.023558581523248
