ct_0,ct_1,ct_2
0.007643235614128,0.025732553442351997,0.049859592736192004
