ct_0,ct_1,ct_2,ct_3,ct_4,ct_5,ct_6
0.041832484668592004,0.057531424023088,0.057359891177728,0.05905853692,0.046194839973808,0.0591723050992,0.039027787320112
