ct_0,ct_1,ct_2,ct_3,ct_4,ct_5,ct_6
0.025129129230592,0.004902762956848,0.005026351081408,0.003812638492672,0.013597047777327998,0.003732149830912,0.019697737361199997
