ct_0,ct_1
0.9142857142857143,0.8333333333333334
