ct_0,ct_1
0.009710816520112,0.064078884736432
