ct_0,ct_1
0.068929125203968,0.0095776675648
