ct_0,ct_1,ct_2,ct_3,ct_4,ct_5,ct_6
0.018953001670191996,0.06776049712019201,0.06314198271999999,0.070603537020208,0.06942451833779201,0.06942451833779201,0.06776049712019201
