ct_0,ct_1,ct_2,ct_3,ct_4,ct_5
0.046443402943792005,0.073150497462832,0.040272857023408,0.078529906908592,0.07499137398092799,0.07319648291372799
