ct_0,ct_1,ct_2,ct_3,ct_4
0.07257569873919999,0.082489135889968,0.105961374365632,0.0862819818892,0.09372484213964799
