ct_0,ct_1,ct_2,ct_3,ct_4
0.33333333333333337,0.2857142857142857,0.11111111111111116,1.0,0.875
