ct_0,ct_1,ct_2,ct_3,ct_4
0.085991124181552,0.07547139323972801,0.014562197555200001,0.016472553906112,0.012649982707888
