ct_0,ct_1,ct_2,ct_3,ct_4,ct_5
0.5277777777777778,0.16666666666666663,0.9166666666666666,0.4,0.4444444444444444,0.5
