ct_0,ct_1,ct_2,ct_3,ct_4,ct_5
0.045008250891568,0.07990297958291201,0.060769428978111995,0.073750365543472,0.073452576861232,0.0799478075392
