ct_0,ct_1,ct_2,ct_3,ct_4,ct_5
0.061052174498608,0.009768809125168,0.018663662060799998,0.016271934577072,0.015561356959168,0.004861180076992
