ct_0,ct_1,ct_2,ct_3,ct_4
0.0207995106112,0.08007756548300801,0.080681397010432,0.091721692385728,0.082000362023728
