ct_0,ct_1,ct_2,ct_3,ct_4,ct_5,ct_6
0.06778684910003199,0.0689076689452,0.07411657147,0.0688437679948,0.052649489519152,0.074113307738368,0.077554089723328
