ct_0,ct_1,ct_2,ct_3,ct_4,ct_5,ct_6
0.068040976662448,0.0095207408908,0.0059040751948,0.0095662801132,0.022110991014832,0.00940046875,0.003617090695168
