ct_0,ct_1,ct_2
0.011433766648768,0.06350308033119999,0.058210623490048005
