ct_0,ct_1,ct_2
0.06757293688388799,0.0049881651712,0.008806378522048
