ct_0,ct_1,ct_2,ct_3,ct_4,ct_5,ct_6
0.050441851851712,0.088573611034672,0.055346844248368,0.0854044888012,0.0854044888012,0.088573611034672,0.09245639742668799
