ct_0,ct_1,ct_2,ct_3,ct_4,ct_5
0.8857142857142857,1.0,0.8,0.8,1.0,0.33333333333333337
