ct_0,ct_1,ct_2,ct_3,ct_4,ct_5
0.024000229385152,0.067447222392832,0.070597101383728,0.070597101383728,0.06633819347603201,0.074143615446448
