ct_0,ct_1
0.071398717646272,0.021136476797872
