ct_0,ct_1
0.021136476797872,0.067992767150128
