ct_0,ct_1,ct_2
0.003632239496752,0.057041935515952005,0.057041935515952005
