ct_0,ct_1,ct_2
0.067810931898928,0.009974936602672,0.003632239496752
