ct_0,ct_1,ct_2
0.066510770184448,0.061732035069999996,0.071692668736432
