ct_0,ct_1,ct_2
0.020296408175872,0.041875503419392,0.0230930607472
