ct_0,ct_1,ct_2,ct_3
0.0457011209932,0.075632695830448,0.069157501427968,0.069157501427968
