ct_0,ct_1,ct_2,ct_3
0.069500013147952,0.011772408789952001,0.027762129285567996,0.027762129285567996
