ct_0,ct_1,ct_2,ct_3
0.4285714285714286,0.25,0.2777777777777778,0.2777777777777778
