ct_0,ct_1,ct_2,ct_3,ct_4
0.076056131749552,0.012551991802288,0.013483571540271999,0.057900567334911994,0.005256677655088
