ct_0,ct_1,ct_2,ct_3,ct_4
0.076415805140992,0.092116724422192,0.08621314387763201,0.035582544526768005,0.094748729578288
