ct_0,ct_1,ct_2,ct_3,ct_4
0.23809523809523814,0.4285714285714286,0.75,0.9333333333333333,1.0
