ct_0,ct_1,ct_2,ct_3,ct_4
0.050824074847408,0.023983594547199998,0.056688522730288,0.057419369578672,0.05994616003
