ct_0,ct_1,ct_2,ct_3,ct_4
0.0204442599148,0.0424792079692,0.0105215975152,0.009970040338431999,0.008095887913408
