ct_0,ct_1,ct_2,ct_3
0.069269484628528,0.010257289507888,0.005076137265712,0.006407073714112
