ct_0,ct_1,ct_2,ct_3
0.010257289507888,0.048596803430848004,0.055446212165632,0.05363605850603201
