ct_0,ct_1
0.076964042883328,0.007593296030512
