ct_0,ct_1
0.007593296030512,0.0632734279468
