ct_0,ct_1,ct_2,ct_3,ct_4,ct_5,ct_6
0.038757572576512,0.048736723185088,0.06538947607211201,0.07095453532,0.0691360248652,0.07304648083,0.065959148865472
