ct_0,ct_1,ct_2,ct_3,ct_4,ct_5
0.031415438504752,0.06809010577259199,0.07529848173491199,0.073854675189808,0.058088203502128004,0.058088203502128004
