ct_0,ct_1,ct_2,ct_3,ct_4,ct_5
0.07109774707307201,0.01019089168,0.003836796480448,0.004798365779248,0.027762129285567996,0.027762129285567996
