ct_0,ct_1,ct_2,ct_3,ct_4
0.05555555555555558,0.41666666666666663,0.6666666666666667,0.8333333333333334,1.0
