ct_0,ct_1,ct_2,ct_3,ct_4
0.05896013083,0.045980687041792,0.032336166680512,0.045980687041792,0.04885631521719999
