ct_0,ct_1,ct_2,ct_3,ct_4
0.059846482256128,0.034441878565312,0.0437399464048,0.017930944180528,0.012725359818928
