ct_0,ct_1,ct_2,ct_3,ct_4,ct_5
0.069956226820528,0.0710051794432,0.077386851434752,0.0681874839628,0.048551433750448,0.07018144274636799
