ct_0,ct_1,ct_2,ct_3,ct_4
0.010907109774592002,0.071750392594432,0.015917717021632,0.003673368129472,0.019556968633792
