ct_0,ct_1,ct_2,ct_3,ct_4
0.0589951146508,0.049729776669952,0.0517022196748,0.058983744302512006,0.03894070489259201
