ct_0,ct_1,ct_2,ct_3,ct_4
0.1428571428571429,0.1428571428571429,0.5,1.0,1.0
