ct_0,ct_1,ct_2,ct_3,ct_4,ct_5
0.07838337147999999,0.014027674961968,0.062162310291712,0.009332583520192,0.010385279253951999,0.012174394245568
