ct_0,ct_1,ct_2,ct_3,ct_4,ct_5
0.09961100855699201,0.101423908194352,0.10015656208000001,0.0987970688512,0.101237762859568,0.09640180656563199
