ct_0,ct_1,ct_2,ct_3,ct_4,ct_5
0.09523809523809523,0.4285714285714286,0.11111111111111116,1.0,0.6666666666666667,0.8333333333333334
