ct_0,ct_1,ct_2,ct_3,ct_4,ct_5,ct_6,ct_7,ct_8,ct_9,ct_10
0.0320548126732,0.010210185900591999,0.008763385097392,0.008763385097392,0.012522009516208,0.013459076320192002,0.016359347675392,0.016359347675392,0.004899948595648,0.005044196447152,0.0059782333552
