ct_0,ct_1,ct_2,ct_3,ct_4,ct_5,ct_6
0.058010256233728,0.035787704865712,0.075172972060672,0.066363484792768,0.07916822463428799,0.074200976945152,0.074200976945152
