ct_0,ct_1,ct_2
0.038020595826688,0.07948511216555199,0.076151525207488
