ct_0,ct_1,ct_2,ct_3,ct_4,ct_5,ct_6
0.011024575769392,0.0813824968192,0.07831937704120001,0.076893327982528,0.07831937704120001,0.0813824968192,0.076893327982528
