ct_0,ct_1,ct_2
0.057189360636591996,0.023045258485168,0.023045258485168
