ct_0,ct_1,ct_2,ct_3,ct_4,ct_5
0.029427757669312,0.071796581400832,0.05901085917419201,0.08101256039756799,0.080957497354288,0.077325463425472
