ct_0,ct_1,ct_2,ct_3,ct_4
0.0728306918512,0.06744313891844801,0.071117554630912,0.06728212436300801,0.067538438222128
