ct_0,ct_1
0.010189910698288,0.047302620292528005
