ct_0,ct_1
0.085991124181552,0.014562197555200001
