ct_0,ct_1
0.7380952380952381,0.2222222222222222
