ct_0,ct_1
0.029325581653552,0.093113434399408
