ct_0,ct_1,ct_2,ct_3,ct_4,ct_5,ct_6,ct_7
0.16666666666666663,0.1333333333333333,0.4285714285714286,0.4285714285714286,1.0,0.92,1.0,1.0
