ct_0,ct_1
0.0459761681068,0.085622138315008
