ct_0,ct_1,ct_2,ct_3,ct_4,ct_5,ct_6
0.05115431032388801,0.04248324187,0.034343530985392,0.054565129593088,0.054761040206512,0.058076444320000004,0.058076444320000004
