ct_0,ct_1,ct_2,ct_3
0.08079189832196801,0.011109206292928001,0.0038783109368320003,0.006985789831168
