ct_0,ct_1,ct_2,ct_3
0.011109206292928001,0.067464464500672,0.077950413014272,0.073310786455552
