ct_0,ct_1,ct_2,ct_3,ct_4,ct_5
0.042990182252800005,0.080639791585072,0.052830452110768,0.09051358264979201,0.0883993866892,0.08854013580971201
