ct_0,ct_1
0.008629008085168,0.060414845810992004
