ct_0,ct_1
0.074820659468848,0.034022268901168
