ct_0,ct_1,ct_2
0.054133649596671995,0.023277943981311996,0.056949628898752
