ct_0,ct_1,ct_2
0.011911566980032,0.056701072883968,0.009732641984512
