ct_0,ct_1,ct_2,ct_3
0.020272427450368,0.040905374074288,0.013457063219200002,0.004863993473968
