ct_0,ct_1,ct_2,ct_3
0.7142857142857143,0.7916666666666666,1.0,1.0
