ct_0,ct_1,ct_2,ct_3
0.059956262024128,0.040268870746288,0.061809079062832006,0.073856072488192
