ct_0,ct_1,ct_2,ct_3,ct_4,ct_5,ct_6,ct_7,ct_8,ct_9,ct_10,ct_11,ct_12,ct_13,ct_14,ct_15
0.5714285714285714,0.7083333333333333,0.19999999999999996,0.2222222222222222,0.125,0.1428571428571429,1.0,0.6666666666666667,0.6666666666666667,0.5,0.5,0.5,1.0,0.5,0.5714285714285714,1.0
