ct_0,ct_1,ct_2
0.003693164797888,0.068634382939072,0.0093631109632
