ct_0,ct_1,ct_2
0.08099484321515199,0.076113457538992,0.074453429453488
