ct_0,ct_1,ct_2
0.0048286747888,0.011191256832688,0.015837761333248
