ct_0,ct_1,ct_2,ct_3,ct_4,ct_5
0.009500578931248,0.061306551305008,0.009537328218112,0.005058286876672,0.005058286876672,0.0036631618551520003
