ct_0,ct_1,ct_2,ct_3,ct_4
0.06771188988779199,0.0116413420912,0.010012154563888,0.004725907101232,0.004725907101232
