ct_0,ct_1,ct_2,ct_3,ct_4
0.0160336341772,0.06176524048,0.05610725360684799,0.0633692743792,0.0633692743792
