ct_0,ct_1,ct_2,ct_3,ct_4
0.078797582337328,0.080685223124992,0.064122720672688,0.082523325671872,0.08434888924364801
