ct_0,ct_1,ct_2
0.0367326685708,0.021789590345728,0.021789590345728
