ct_0,ct_1,ct_2
0.070402273763632,0.079453691789488,0.079453691789488
