ct_0,ct_1,ct_2,ct_3
0.053407091612607996,0.054524426846128,0.047552170858432,0.063038661664768
