ct_0,ct_1,ct_2,ct_3,ct_4
0.020357083138047998,0.0398356798732,0.059272556986672,0.057360325267888,0.05720757890603201
