ct_0,ct_1,ct_2,ct_3,ct_4,ct_5,ct_6
0.4285714285714286,0.5,0.04761904761904767,0.375,1.0,1.0,0.8571428571428572
