ct_0,ct_1,ct_2,ct_3,ct_4,ct_5,ct_6
0.02006347075,0.041085461827888,0.069937888466608,0.022885429700607997,0.010652485558192,0.006831142687168,0.011003180204032001
