ct_0,ct_1,ct_2,ct_3,ct_4,ct_5,ct_6
0.062766775707568,0.0492338920048,0.069613528382512,0.062855292343552,0.061633775539888,0.06692782288480001,0.06285707192319999
