ct_0,ct_1,ct_2,ct_3,ct_4,ct_5,ct_6
0.075484987476928,0.05091205764428801,0.04777964683,0.069295088070448,0.070140145213888,0.075484987476928,0.0790574520688
