ct_0,ct_1,ct_2,ct_3,ct_4,ct_5,ct_6
0.4285714285714286,0.5,0.40476190476190477,1.0,1.0,1.0,0.16666666666666663
