ct_0,ct_1,ct_2,ct_3,ct_4,ct_5,ct_6
0.4285714285714286,0.625,0.125,0.1428571428571429,0.33333333333333337,1.0,1.0
