ct_0,ct_1,ct_2,ct_3,ct_4,ct_5,ct_6
0.051947095570432,0.033712363629232,0.058473119435200005,0.060096858923967995,0.05847617355524801,0.047399837299647994,0.058481409288112
