ct_0,ct_1,ct_2,ct_3
0.063292594038208,0.011861187370432,0.063292594038208,0.063292594038208
