ct_0,ct_1,ct_2,ct_3
0.19999999999999996,0.8571428571428572,0.5,0.5
