ct_0,ct_1,ct_2,ct_3,ct_4,ct_5
0.074071349245888,0.012094692388288001,0.010343365254592,0.048109928779312,0.008508970660912,0.007888115167792
