ct_0,ct_1,ct_2,ct_3,ct_4,ct_5
0.3571428571428571,0.5,0.16666666666666663,0.72,1.0,1.0
