ct_0,ct_1,ct_2,ct_3,ct_4,ct_5
0.062120620846528,0.088249856715952,0.094650151782832,0.053682564514048,0.087302400755632,0.088249856715952
