ct_0,ct_1,ct_2,ct_3,ct_4,ct_5
0.06556000768,0.057796587685168,0.047122378101808006,0.06312104754308799,0.07577063430827201,0.07577063430827201
