ct_0,ct_1,ct_2,ct_3,ct_4,ct_5,ct_6,ct_7,ct_8,ct_9,ct_10,ct_11,ct_12,ct_13,ct_14,ct_15
0.020018054974912,0.0403494102988,0.004883063898112,0.0485668333168,0.003675842519488,0.015129123371008002,0.005024159738800001,0.005024159738800001,0.006052123359232,0.007311979404592,0.0036752239168,0.0036752239168,0.003682028736448,0.006081503036848,0.003940921751488,0.003648318044848
