ct_0,ct_1,ct_2,ct_3
0.026833727490351997,0.067162454556928,0.070497830168368,0.070497830168368
