ct_0,ct_1
0.011480672684032,0.07509338988179201
