ct_0,ct_1
0.075691803176368,0.003732149830912
