ct_0,ct_1,ct_2,ct_3,ct_4,ct_5,ct_6
0.041899228270000005,0.0638692133488,0.077485102620928,0.075658494969088,0.068584686436528,0.0562052466412,0.075432020929072
