ct_0,ct_1,ct_2,ct_3,ct_4,ct_5,ct_6
0.021183664740352,0.076024185251632,0.089215333711792,0.08325004314731199,0.08325004314731199,0.091647528842032,0.091122463102768
