ct_0,ct_1,ct_2,ct_3,ct_4,ct_5,ct_6
0.07838337147999999,0.014027674961968,0.011648289195952,0.012755389538608001,0.012755389538608001,0.0035945259197920003,0.003921390833200001
