ct_0,ct_1,ct_2,ct_3,ct_4,ct_5,ct_6
0.0566071807372,0.049579545043888,0.044462501973952004,0.044462501973952004,0.062037264859072,0.07720886643524799,0.077819341644592
