ct_0,ct_1,ct_2,ct_3,ct_4
0.6666666666666667,0.8333333333333334,0.25,0.16666666666666663,1.0
