ct_0,ct_1,ct_2,ct_3,ct_4
0.009882919361968,0.011889026266048,0.007625306164912001,0.011152037241088,0.006475531254208
