ct_0,ct_1,ct_2,ct_3,ct_4
0.076793888594608,0.072717999030448,0.082123433593648,0.082412104460848,0.078115174254592
