ct_0,ct_1,ct_2,ct_3,ct_4,ct_5,ct_6
0.057819206671792,0.035448232973488,0.064757479924672,0.075040972914112,0.072066959031472,0.08058528403,0.080607276955312
