ct_0,ct_1,ct_2,ct_3,ct_4,ct_5,ct_6
0.020193107941168,0.0406287805228,0.022873942988799998,0.011020625544112001,0.020605340141872,0.004907766438448,0.0036786262743520003
