ct_0,ct_1,ct_2,ct_3,ct_4
0.019637340741807997,0.05579113075,0.0651822157312,0.0651822157312,0.06464984750483199
