ct_0,ct_1,ct_2,ct_3,ct_4,ct_5,ct_6
0.073606079956912,0.035367152694208,0.076974887553712,0.065392624607488,0.08256667109171201,0.08256667109171201,0.071461908304432
