ct_0,ct_1,ct_2
0.0089043830188,0.072553920540208,0.072553920540208
