ct_0,ct_1
0.035973644877232,0.068443859488768
