ct_0,ct_1
0.008584786845952,0.061306551305008
