ct_0,ct_1
0.090578527421488,0.047329505329408
