ct_0,ct_1,ct_2,ct_3
0.06509774578508801,0.047947208952112,0.060248978870272,0.070532294771968
