ct_0,ct_1
0.051964869856192,0.019841105989168
