ct_0,ct_1
0.009500578931248,0.061306551305008
