ct_0,ct_1,ct_2,ct_3,ct_4,ct_5,ct_6
0.073824402300928,0.07514441323,0.018799008851968,0.076634677226032,0.08254066299999999,0.08254066299999999,0.08254066299999999
