ct_0,ct_1,ct_2,ct_3,ct_4
0.077917284025792,0.053697073075648,0.074266282362112,0.064066808946688,0.074379207375808
