ct_0,ct_1,ct_2,ct_3
0.9523809523809523,0.18181818181818177,0.75,1.0
