ct_0,ct_1,ct_2,ct_3
0.073360985014528,0.017216553730047997,0.007372981048768001,0.0037129650052480003
