ct_0,ct_1,ct_2,ct_3
0.0086457970348,0.074993713335088,0.07305158777747199,0.07675289871999999
