ct_0,ct_1,ct_2
0.076705792,0.009645037847728001,0.0048058641587680005
