ct_0,ct_1,ct_2
0.063670893595072,0.0639250773388,0.07080496603000001
