ct_0,ct_1
0.059307590159152,0.019134796382512
