ct_0,ct_1
0.028782476222127998,0.052322795348272
