ct_0,ct_1,ct_2,ct_3,ct_4,ct_5,ct_6
0.062364212858031995,0.043993100122288,0.069414454140352,0.07809575729156801,0.06012367024811199,0.079975471150528,0.08186725852
