ct_0,ct_1,ct_2,ct_3,ct_4,ct_5,ct_6
0.0589229665792,0.055617956250928,0.056603720053168,0.039882214739968,0.046122881449408,0.043496455652800005,0.057240983025088
