ct_0,ct_1,ct_2,ct_3,ct_4,ct_5,ct_6
0.012380188322608001,0.025912979113407997,0.024618456107008,0.018663662060799998,0.016271934577072,0.015561356959168,0.004861180076992
