ct_0,ct_1,ct_2,ct_3,ct_4,ct_5,ct_6
0.018521130619311998,0.069575989239088,0.065328762599872,0.06954440592428801,0.06954440592428801,0.070491397313968,0.071217998922688
