ct_0,ct_1
0.06965931568811201,0.012944737700800001
