ct_0,ct_1
0.017348084189872,0.057191529398272004
