ct_0,ct_1,ct_2,ct_3,ct_4,ct_5
0.022530111153712,0.037183148000512,0.021825227292927997,0.010069309247488,0.051097829388208005,0.051097829388208005
