ct_0,ct_1,ct_2,ct_3,ct_4,ct_5
0.080579547045808,0.06613099712324799,0.07300005882999999,0.078367252878592,0.039699722692528,0.039699722692528
