ct_0,ct_1,ct_2,ct_3
0.094072430349232,0.0835370256652,0.090533411541952,0.093987626714368
