ct_0,ct_1,ct_2,ct_3
0.011612896018432,0.023280103499199997,0.028814548553007996,0.015838102923568
