ct_0,ct_1,ct_2,ct_3
0.2857142857142857,0.5,0.1428571428571429,0.25
