ct_0,ct_1,ct_2,ct_3,ct_4,ct_5,ct_6
0.012995210591151999,0.06209756188,0.066121973098288,0.064615325981488,0.064615325981488,0.06459560169668799,0.06628581293920001
