ct_0,ct_1,ct_2,ct_3,ct_4,ct_5
0.054081486374848,0.085639187511088,0.045041363832832006,0.045041363832832006,0.08552278692044801,0.089310089545648
