ct_0,ct_1,ct_2,ct_3,ct_4,ct_5
0.052877205011248,0.040394081084848,0.068072818455088,0.058047702304192,0.07158372289720001,0.069898465686832
