ct_0,ct_1,ct_2,ct_3,ct_4,ct_5
0.8571428571428572,0.7083333333333333,0.375,1.0,0.5,1.0
