ct_0,ct_1,ct_2,ct_3,ct_4
0.017791929253888,0.074566438311472,0.08192827608452799,0.08200709103659198,0.079985011000768
