ct_0,ct_1,ct_2,ct_3,ct_4
0.062104213265200006,0.011185323672111998,0.028895130494512,0.003667800954112,0.0049815934839519994
