ct_0,ct_1,ct_2,ct_3,ct_4
1.0,0.7142857142857143,0.05555555555555558,1.0,1.0
