ct_0,ct_1,ct_2,ct_3,ct_4
0.25,0.4285714285714286,0.33333333333333337,1.0,0.8333333333333334
