ct_0,ct_1,ct_2,ct_3,ct_4
0.036015683768368,0.012859880722432002,0.027408671668528,0.006364624945407999,0.010934081017792
