ct_0,ct_1,ct_2,ct_3,ct_4
0.073363309265968,0.078463030994368,0.073821142361392,0.079262870100928,0.074413281466672
