ct_0,ct_1,ct_2,ct_3,ct_4,ct_5,ct_6
0.06571805133803199,0.02238836443,0.068723315135152,0.073812294167488,0.073812294167488,0.07584714258323201,0.07764436778027199
