ct_0,ct_1
0.068040976662448,0.008424499932592
