ct_0,ct_1
0.047355152920000004,0.07883652257080001
