ct_0,ct_1
0.4285714285714286,0.19999999999999996
