ct_0,ct_1,ct_2,ct_3,ct_4,ct_5
0.057152494992831995,0.043998386195392,0.06015576015692801,0.051551378372608,0.057223629596608,0.057223629596608
