ct_0,ct_1,ct_2,ct_3,ct_4,ct_5,ct_6
0.054802217230000005,0.035167135242688004,0.0442278610288,0.05614178351660801,0.056445885158848,0.062891331525808,0.062891331525808
