ct_0,ct_1,ct_2,ct_3,ct_4
0.039927965664687995,0.061163429079472004,0.037896616831408,0.065945622833152,0.06322039523123199
