ct_0,ct_1
0.024741967107327997,0.063428585422768
