ct_0,ct_1
0.06672870394720001,0.010919607921088
