ct_0,ct_1
0.026863198576431997,0.067107626020528
