ct_0,ct_1
0.054374536641328006,0.038597928091648005
