ct_0,ct_1,ct_2,ct_3,ct_4,ct_5,ct_6
0.035006435403568,0.003949913326768,0.037586062497328,0.0089237992588,0.004980028852672,0.007481648356288,0.041365946093487996
