ct_0,ct_1,ct_2,ct_3,ct_4,ct_5,ct_6
0.090264847593472,0.09109414889267199,0.047508280172799996,0.083403159183808,0.09145001894732802,0.0914191858672,0.066707896625152
