ct_0,ct_1,ct_2,ct_3,ct_4,ct_5,ct_6
0.056798902426048,0.039294836515888006,0.0622017892492,0.07971707279795201,0.079929207779632,0.060173785275568,0.078108070319152
