ct_0,ct_1,ct_2,ct_3,ct_4,ct_5,ct_6
0.023306740110591997,0.036208490964928,0.017614981882672,0.0052356625648,0.00488962987,0.020570353508608,0.007325710009792
