ct_0,ct_1,ct_2,ct_3,ct_4,ct_5
0.06597673387000001,0.057979346270128004,0.0714752865088,0.066291682593328,0.060544721231872003,0.074960496530368
