ct_0,ct_1,ct_2,ct_3,ct_4,ct_5
0.014998706649088,0.02339352187,0.007379050998832,0.012289052853808,0.0153784235788,0.005006630522032001
