ct_0,ct_1,ct_2,ct_3,ct_4,ct_5
0.048713396452288005,0.057160301314048007,0.036014126592688,0.064185357833008,0.066521164952752,0.062991470108608
