ct_0,ct_1,ct_2,ct_3,ct_4,ct_5,ct_6
0.08252525198636801,0.07418325411116801,0.07942989097988801,0.078211807076608,0.08250454483,0.079552726340272,0.0802054777408
