ct_0,ct_1,ct_2,ct_3,ct_4
0.010367922521391999,0.0541469062348,0.05823502850867201,0.05823502850867201,0.05438438332000001
