ct_0,ct_1,ct_2,ct_3,ct_4,ct_5
0.056362473779632,0.0316482756748,0.071218459770928,0.06125927560115199,0.0752076215152,0.0752076215152
