ct_0,ct_1,ct_2,ct_3,ct_4
0.033738103595968,0.0399729320512,0.072146510924848,0.07192133433491199,0.072169641270448
