ct_0,ct_1,ct_2,ct_3,ct_4
0.035291149978048,0.040713872901568,0.0074490376768,0.008994694930432,0.004888379179312
