ct_0,ct_1,ct_2,ct_3,ct_4,ct_5
0.085674263471152,0.013930997156799999,0.076651159028992,0.019425102221248,0.008788920702208,0.003977822842288
