ct_0,ct_1,ct_2,ct_3,ct_4,ct_5
0.060664096779568,0.06850400848,0.029237305562800003,0.04813816920107201,0.06850400848,0.06850400848
