ct_0,ct_1,ct_2,ct_3,ct_4
0.07884222162884799,0.072503420998912,0.038241214609408,0.058876192220848,0.077359933356208
