ct_0,ct_1,ct_2,ct_3,ct_4
0.005134092079552,0.009447263307952,0.0502365288652,0.0196819334512,0.008534775069232
