ct_0,ct_1,ct_2,ct_3,ct_4,ct_5
0.015947798068672,0.048632606937088,0.05163460211320001,0.05149732203520001,0.0534105008368,0.05149732203520001
