ct_0,ct_1,ct_2,ct_3,ct_4,ct_5,ct_6
0.043985374585792,0.0494720660032,0.0410426251072,0.05162234879795201,0.051637982465968006,0.0532997293552,0.0532997293552
