ct_0,ct_1,ct_2,ct_3,ct_4,ct_5,ct_6
0.032884615894192,0.011779363079728001,0.028308106704688,0.013582270134448,0.009760336587952001,0.00948984892,0.00948984892
