ct_0,ct_1,ct_2,ct_3,ct_4,ct_5
0.022688124918207996,0.07703572048,0.075100878904768,0.087356314349872,0.087356314349872,0.086733026603008
