ct_0,ct_1
0.04599465532,0.04862427997004799
