ct_0,ct_1,ct_2,ct_3,ct_4,ct_5,ct_6,ct_7,ct_8,ct_9,ct_10,ct_11
0.019970894123007996,0.040017909470127996,0.003683884668928,0.019812280157872,0.012864222442672001,0.012235865059888001,0.028408523169328,0.024428299441407994,0.0036854313030880003,0.0036854313030880003,0.007275265868032,0.004979715929008
