ct_0,ct_1,ct_2,ct_3,ct_4
0.009881288470528,0.049744429164592006,0.05109235072,0.05109235072,0.0561491218348
