ct_0,ct_1,ct_2,ct_3,ct_4
0.056701072883968,0.009732641984512,0.008694885821487999,0.008694885821487999,0.004926218688448
