ct_0,ct_1,ct_2,ct_3,ct_4
0.035556528144832004,0.029451720338367997,0.046710011281408004,0.059756064307647995,0.059756064307647995
