ct_0,ct_1,ct_2,ct_3,ct_4,ct_5,ct_6,ct_7,ct_8
0.027009899415088003,0.04344779482720001,0.053837516337712006,0.047194703286208006,0.060737691908032,0.0626147315692,0.062547188834608,0.06055573107947201,0.062292306164272
