ct_0,ct_1,ct_2,ct_3,ct_4,ct_5,ct_6
0.027139020787888,0.0500330894848,0.068869782766528,0.0609321517612,0.057102627881392004,0.057102627881392004,0.068869782766528
