ct_0,ct_1
0.019134796382512,0.037984770866608
