ct_0,ct_1,ct_2,ct_3,ct_4,ct_5
0.8095238095238095,0.16666666666666663,0.24,0.24,1.0,0.6666666666666667
