ct_0,ct_1,ct_2,ct_3,ct_4,ct_5
0.0243927621232,0.089420184477952,0.0769390547308,0.0769390547308,0.07956796574276799,0.08760494214476801
