ct_0,ct_1,ct_2,ct_3,ct_4
0.020243514830272,0.04245298972,0.011074622725168001,0.023121102266368,0.01111810075
