ct_0,ct_1,ct_2,ct_3,ct_4
0.065091905906992,0.061632890512432,0.077393463322048,0.072005000270128,0.07737173918540799
