ct_0,ct_1,ct_2
0.06466509240524801,0.010629184643008,0.056785047773632
