ct_0,ct_1,ct_2,ct_3,ct_4
0.037298397515200005,0.029885530749999997,0.047432115619072,0.062048790995200005,0.062048790995200005
