ct_0,ct_1,ct_2,ct_3
0.021648552886528,0.0405748690288,0.023280103499199997,0.028814548553007996
