ct_0,ct_1,ct_2,ct_3
0.061970779324671994,0.0417364317808,0.062626731379648,0.053474434028800005
