ct_0,ct_1,ct_2,ct_3,ct_4,ct_5
0.061857798530992006,0.065856370522048,0.074388075531568,0.051831599862832,0.070478072654272,0.067408659036592
