ct_0,ct_1,ct_2,ct_3,ct_4,ct_5
0.018966278755887998,0.0158182921132,0.0054444169708,0.068634382939072,0.008128033436608,0.010308993245871999
