ct_0,ct_1,ct_2,ct_3,ct_4
0.059761330366912,0.0096297379648,0.037039386907312004,0.013476860063152,0.016032950009008
