ct_0,ct_1,ct_2,ct_3,ct_4
0.044591350372288,0.072066959031472,0.07369729603,0.077372683675072,0.075515459958448
