ct_0,ct_1,ct_2,ct_3,ct_4,ct_5,ct_6
0.017240364906928,0.071310646785328,0.068711911735552,0.071278838360512,0.071278838360512,0.072232566738352,0.07296431977772799
