ct_0,ct_1,ct_2,ct_3
0.02758363648,0.06247300371251201,0.075023191048192,0.0806115801328
