ct_0,ct_1,ct_2,ct_3
0.05071930250387201,0.017842527083968,0.0136618876528,0.007410044552128001
