ct_0,ct_1,ct_2,ct_3
0.06541421570483201,0.04880838652,0.063448210485808,0.07765335004364801
