ct_0,ct_1,ct_2,ct_3,ct_4,ct_5,ct_6
0.0057574773232,0.0074599069045120005,0.028461360065199996,0.017868179592448002,0.006476799366592,0.005566707572992,0.006176327123247999
