ct_0,ct_1,ct_2,ct_3,ct_4,ct_5,ct_6
0.07082797075,0.072018407940352,0.04231187728,0.06480548208491199,0.069782984570032,0.071106959691952,0.070218157539328
