ct_0,ct_1,ct_2
0.0440000127088,0.0688209503308,0.071407941548992
