ct_0,ct_1,ct_2,ct_3,ct_4
0.05310389212,0.0290915310508,0.043272313790128004,0.059900048036800005,0.059853506543872
