ct_0,ct_1,ct_2,ct_3,ct_4
0.022530111153712,0.037183148000512,0.021825227292927997,0.007247179748608,0.0049193378368
