ct_0,ct_1,ct_2
0.035149315397632004,0.045781952800768,0.008474788337200001
