ct_0,ct_1,ct_2
0.0518988587632,0.0360479982832,0.082248967197952
