ct_0,ct_1,ct_2,ct_3,ct_4,ct_5
0.023516398393792,0.06403505709803199,0.064735052399872,0.070810947049408,0.072825589427632,0.072855741628672
