ct_0,ct_1
0.018883492043199997,0.06656184452651201
