ct_0,ct_1,ct_2,ct_3,ct_4,ct_5,ct_6
0.053367463439152,0.040976988024832,0.066555968155648,0.06828490172075201,0.06088230816812801,0.0682625922928,0.06427084012748799
