ct_0,ct_1,ct_2,ct_3,ct_4,ct_5,ct_6
0.019970190347199997,0.04022781712,0.007269839618992,0.004863993473968,0.0101451208192,0.004879312085248,0.007677501203391999
