ct_0,ct_1,ct_2,ct_3,ct_4,ct_5,ct_6
0.7857142857142857,0.6666666666666667,0.75,1.0,1.0,1.0,1.0
