ct_0,ct_1,ct_2
0.011990490940672,0.069420858581248,0.068625719507248
