ct_0,ct_1,ct_2,ct_3
0.035402450952111995,0.0398774413888,0.0567348320752,0.051045155934208
