ct_0,ct_1,ct_2,ct_3
0.046034100555712,0.029951622275631997,0.006753895642672,0.011064084865072
