ct_0,ct_1,ct_2,ct_3,ct_4,ct_5,ct_6
0.046347479554048,0.05948152408499201,0.07903131088120001,0.07813648722731201,0.07813648722731201,0.0736460992492,0.082717471321648
