ct_0,ct_1,ct_2,ct_3,ct_4,ct_5,ct_6,ct_7,ct_8
0.5714285714285714,0.9666666666666667,0.1428571428571429,0.06666666666666665,0.6,0.6,1.0,0.33333333333333337,1.0
