ct_0,ct_1,ct_2,ct_3,ct_4,ct_5,ct_6,ct_7
0.7857142857142857,0.9166666666666666,1.0,0.75,0.05555555555555558,0.33333333333333337,0.5,1.0
