ct_0,ct_1,ct_2,ct_3,ct_4
0.06786819508868801,0.031937689419568,0.012919007453488,0.005047327502512,0.009326414007088
