ct_0,ct_1,ct_2,ct_3,ct_4
0.035291149978048,0.058789663889200004,0.073619108792368,0.08322300328120001,0.082958541865648
