ct_0,ct_1,ct_2,ct_3,ct_4
0.6944444444444444,0.7222222222222222,0.875,1.0,0.4
