ct_0,ct_1,ct_2,ct_3
0.0523965749452,0.017897304389632,0.032776464283648,0.0063009808810719995
