ct_0,ct_1,ct_2,ct_3
0.037128293527552,0.037777048553392,0.039062236000192,0.053774753535232
