ct_0,ct_1,ct_2,ct_3,ct_4,ct_5
0.0453629763952,0.025700369730352,0.054429769572352,0.058652948298688,0.058652948298688,0.060915388967727996
