ct_0,ct_1,ct_2,ct_3,ct_4,ct_5
0.0675012215788,0.029528124964288,0.070303540806592,0.067021104239872,0.07212384528179201,0.074635108891072
