ct_0,ct_1,ct_2,ct_3,ct_4,ct_5
0.375,0.8333333333333334,1.0,0.4285714285714286,0.5,0.6666666666666667
