ct_0,ct_1,ct_2,ct_3
0.0596805977968,0.0552402148588,0.0633826514752,0.067286658493888
