ct_0,ct_1,ct_2,ct_3
0.031877638518832005,0.041372362111408004,0.018227116330432,0.004961880708352
