ct_0,ct_1,ct_2,ct_3,ct_4,ct_5,ct_6,ct_7
0.8888888888888888,0.9047619047619048,0.8333333333333334,0.33333333333333337,1.0,1.0,0.5,0.6666666666666667
