ct_0,ct_1,ct_2,ct_3,ct_4,ct_5,ct_6
1.0,0.9722222222222222,0.7142857142857143,0.33333333333333337,1.0,1.0,1.0
