ct_0,ct_1,ct_2,ct_3,ct_4,ct_5,ct_6
0.008584786845952,0.061306551305008,0.011649281670592,0.035800535384512,0.010810127127472,0.003869634992128,0.003930070817968
