ct_0,ct_1,ct_2,ct_3,ct_4,ct_5,ct_6
0.0776708427148,0.022049938737088,0.077119212311728,0.07230198836075201,0.074460432663808,0.084815220490288,0.08472053099564801
