ct_0,ct_1,ct_2,ct_3,ct_4,ct_5,ct_6
0.060077961070000005,0.040054934560192,0.066959969114032,0.07563644827,0.06918994836548799,0.075675383093248,0.07761505940612799
