ct_0,ct_1,ct_2,ct_3
0.04988766066884799,0.044459241108927995,0.03331868083,0.03331868083
