ct_0,ct_1,ct_2,ct_3,ct_4,ct_5,ct_6,ct_7,ct_8,ct_9,ct_10
0.074570175005488,0.085970639073328,0.08464868602719999,0.075701186556208,0.07338329872,0.080036532164032,0.0648723426928,0.086663587198912,0.0849740812288,0.087852318892288,0.0857332206592
