ct_0,ct_1,ct_2,ct_3,ct_4,ct_5
0.044265319165888,0.08802767687531199,0.057680049956272,0.057680049956272,0.086057955247552,0.092087813372848
