ct_0,ct_1,ct_2,ct_3,ct_4
0.11904761904761907,0.1428571428571429,0.4285714285714286,1.0,0.25
