ct_0,ct_1,ct_2,ct_3,ct_4
0.050465798650672,0.057947570144511996,0.029237305562800003,0.038539084904368,0.057947570144511996
