ct_0,ct_1,ct_2,ct_3,ct_4,ct_5,ct_6
0.0657040887808,0.066585351470128,0.0609100957132,0.07640874786155201,0.086556528186928,0.086680700927152,0.089546130442672
