ct_0,ct_1,ct_2,ct_3,ct_4,ct_5,ct_6
0.0323803733488,0.029831851091967995,0.014942028711471999,0.029196176369199998,0.011025892538800002,0.004812113188528,0.009792274584111998
