ct_0,ct_1,ct_2,ct_3,ct_4,ct_5,ct_6
0.052715739314608004,0.050740336828672,0.07903463779628801,0.057433698916288,0.079037964753712,0.077339628593152,0.07727589146219199
