ct_0,ct_1,ct_2
1.0,0.05555555555555558,0.05555555555555558
