ct_0,ct_1,ct_2
0.05071930250387201,0.029539738618287997,0.029539738618287997
