ct_0,ct_1,ct_2
0.00363811408,0.05071930250387201,0.05071930250387201
