ct_0,ct_1,ct_2,ct_3,ct_4
0.043999199450368,0.043946345065407996,0.076243192844848,0.083523491023408,0.083523491023408
