ct_0,ct_1,ct_2,ct_3,ct_4
0.024968542029999995,0.038685636071872004,0.068929125203968,0.0095776675648,0.009710816520112
