ct_0,ct_1,ct_2,ct_3,ct_4
0.08524002728132801,0.08154030755435199,0.046414168100800006,0.085210356870592,0.08317086261956799
