ct_0,ct_1,ct_2,ct_3,ct_4
0.11111111111111116,0.1428571428571429,0.5142857142857142,0.33333333333333337,0.5
