ct_0,ct_1,ct_2,ct_3,ct_4,ct_5,ct_6,ct_7,ct_8,ct_9
0.075350951924992,0.075436707789232,0.069878756693248,0.071556955438768,0.05597350243532801,0.068065539957808,0.0713323157488,0.06662513777387201,0.073613990240512,0.073314504521728
