ct_0,ct_1,ct_2,ct_3,ct_4,ct_5,ct_6
0.0728515664908,0.030921268749999998,0.070751603398192,0.079732798282672,0.073843497082672,0.073843497082672,0.072614162773168
