ct_0,ct_1,ct_2,ct_3
0.011554370141488,0.014060029066288,0.013688437610032,0.016222939269568
