ct_0,ct_1,ct_2,ct_3
0.056686791731632005,0.054310758359488,0.054560844726208,0.05455184678699201
