ct_0,ct_1,ct_2,ct_3,ct_4,ct_5
0.0485377,0.049350436835632006,0.064947752156608,0.041295384494512,0.064429356626368,0.068660375105968
