ct_0,ct_1,ct_2,ct_3,ct_4
0.076672351473712,0.031255599218992,0.082316327483392,0.07559658142720001,0.07559658142720001
