ct_0,ct_1,ct_2,ct_3,ct_4
0.8571428571428572,0.9666666666666667,0.2142857142857143,0.6,0.6
