ct_0,ct_1,ct_2,ct_3,ct_4,ct_5
0.077124873754672,0.012681995912368,0.0101304123532,0.0052309582252,0.0064603149838719995,0.01245107932
