ct_0,ct_1,ct_2,ct_3,ct_4,ct_5
0.029267598288832002,0.076963099890112,0.080632618896832,0.08804978863763199,0.08614041883,0.089846157266368
