ct_0,ct_1,ct_2,ct_3,ct_4,ct_5
0.036162509627392,0.02303375947,0.003814186923952,0.035935896315328,0.005348311095472,0.0041205807731680005
