ct_0,ct_1,ct_2,ct_3,ct_4,ct_5
0.03147873493292801,0.063219058430128,0.070247992380208,0.05181341410124801,0.06800004343556801,0.06979489675
