ct_0,ct_1,ct_2,ct_3
0.050146319319999993,0.054845976542128,0.031662696496048005,0.0645359907328
