ct_0,ct_1,ct_2,ct_3
0.016823058937792,0.030173750438848002,0.007697680896688,0.028200322140207998
