ct_0,ct_1,ct_2,ct_3
0.070235599003072,0.068397846563248,0.0644396594668,0.039408272737071995
