ct_0,ct_1,ct_2,ct_3
0.08333333333333337,0.09523809523809523,1.0,1.0
