ct_0,ct_1
0.010005624284848,0.047553827300799996
