ct_0,ct_1
0.06846299617120001,0.010005624284848
