ct_0,ct_1,ct_2,ct_3,ct_4,ct_5,ct_6
0.052968190607152,0.026330994824128002,0.0134469981808,0.021078665801727996,0.008101673469952,0.008101673469952,0.004534677553408001
