ct_0,ct_1,ct_2,ct_3,ct_4,ct_5,ct_6
0.041730003224511994,0.091885019319232,0.092806464657328,0.073297773659392,0.08774087402679999,0.08774087402679999,0.09332660479940799
