ct_0,ct_1,ct_2,ct_3,ct_4,ct_5
0.030676622788527997,0.057496237945792006,0.059014358109231994,0.053111977429551996,0.052654160290048005,0.052654160290048005
