ct_0,ct_1,ct_2,ct_3,ct_4
0.056270024177200006,0.0083619911212,0.010482915125248,0.009197250640432,0.004737147641008
