ct_0,ct_1,ct_2,ct_3,ct_4
0.064165222613248,0.0792714326848,0.07590254326604799,0.072702235379248,0.0792833256268
