ct_0,ct_1,ct_2,ct_3,ct_4
0.014687784183472,0.07209563176772801,0.07798638642380801,0.07827672283,0.07459726769080001
