ct_0,ct_1,ct_2,ct_3,ct_4
0.8333333333333334,0.36363636363636365,0.040000000000000036,1.0,1.0
