ct_0,ct_1,ct_2,ct_3,ct_4,ct_5,ct_6
0.018264660102592,0.062987908875712,0.074067153781552,0.07556563030163199,0.071661272627248,0.075463893281968,0.0758570011468
