ct_0,ct_1,ct_2,ct_3,ct_4,ct_5,ct_6,ct_7,ct_8,ct_9,ct_10
0.36111111111111116,0.2857142857142857,0.2857142857142857,0.2857142857142857,0.8571428571428572,1.0,1.0,1.0,1.0,0.5,1.0
