ct_0,ct_1,ct_2,ct_3,ct_4
0.079963546823728,0.069910383527728,0.08318969002931201,0.06780638778884801,0.06780638778884801
