ct_0,ct_1,ct_2,ct_3,ct_4
0.1333333333333333,0.5714285714285714,0.6,0.5,0.5
