ct_0,ct_1,ct_2,ct_3,ct_4
0.052968190607152,0.026330994824128002,0.008704576756528,0.033576812628928,0.033576812628928
