ct_0,ct_1,ct_2,ct_3,ct_4,ct_5,ct_6,ct_7,ct_8,ct_9,ct_10,ct_11,ct_12
0.036059290299952,0.020732635646511996,0.007267605353728,0.008589305060799999,0.005342974252288,0.014050254591231999,0.030720768137152,0.003714512045488,0.014156801843200001,0.004087047270832,0.004234607890432,0.007770099758128,0.025885151323072
