ct_0,ct_1,ct_2,ct_3,ct_4,ct_5,ct_6
0.063779412360112,0.039435650798848004,0.077487464888368,0.07821844005932801,0.06695725236280001,0.0836216325232,0.07821844005932801
