ct_0,ct_1,ct_2,ct_3,ct_4,ct_5,ct_6
0.8571428571428572,1.0,0.7142857142857143,0.33333333333333337,0.6428571428571428,0.6666666666666667,0.5
