ct_0,ct_1,ct_2,ct_3,ct_4,ct_5
0.0695476098412,0.004843363521328,0.019799275282431996,0.015186900626367999,0.007432735707952,0.006595111594672
