ct_0,ct_1,ct_2,ct_3,ct_4,ct_5
0.019457356119999998,0.05416144672811201,0.042924263699248,0.053347439140288,0.050686913868208,0.053347439140288
