ct_0,ct_1,ct_2,ct_3
0.06955584867908801,0.043938621416752005,0.04946746700651201,0.06351378816659199
