ct_0,ct_1,ct_2,ct_3
0.010907109774592002,0.050470420285887996,0.071750392594432,0.010340418709168001
