ct_0,ct_1,ct_2,ct_3
0.4285714285714286,0.5333333333333333,0.30952380952380953,1.0
