ct_0,ct_1,ct_2,ct_3,ct_4,ct_5,ct_6
0.014968158659008,0.069733967515648,0.07308083867243201,0.07308083867243201,0.074646789418672,0.07696545737963201,0.078683644307248
