ct_0,ct_1,ct_2,ct_3,ct_4,ct_5,ct_6
0.059297079626799996,0.060056867678128005,0.051118902549808005,0.0758663906092,0.0778103536192,0.081464508356272,0.081464508356272
