ct_0,ct_1,ct_2,ct_3,ct_4
0.04689813181235201,0.029220852630832,0.068889866264512,0.056359017007792,0.06870643829555201
