ct_0,ct_1,ct_2
0.072915592961968,0.063023523692992,0.017462109570351998
