ct_0,ct_1,ct_2,ct_3,ct_4,ct_5,ct_6
0.060285925328128,0.062762773251328,0.04248324187,0.0551542621228,0.0640301381872,0.064618464090112,0.069811849705408
