ct_0,ct_1,ct_2,ct_3,ct_4,ct_5,ct_6,ct_7,ct_8
0.061336600818352,0.043930085115328005,0.05840026940996801,0.05959770186155199,0.061720524995632006,0.061609881011632006,0.064409200217008,0.06484227548228799,0.05715119396651201
