ct_0,ct_1,ct_2
0.0413210401612,0.0410005986892,0.067159282313392
