ct_0,ct_1,ct_2
0.024194196173247997,0.024484160563647994,0.003865916937472
