ct_0,ct_1,ct_2,ct_3,ct_4
0.049367151284272,0.026302725069999994,0.06443741968,0.065933450068912,0.065441207375872
