ct_0,ct_1,ct_2,ct_3,ct_4,ct_5
0.031987875063472,0.0899139174028,0.09365868190643199,0.08683672912000001,0.083490623999152,0.087622113994288
