ct_0,ct_1,ct_2,ct_3,ct_4,ct_5
0.6904761904761905,0.5,0.4,0.4,0.5,0.7142857142857143
