ct_0,ct_1,ct_2,ct_3,ct_4,ct_5,ct_6
0.046688982655408,0.056098190421808,0.045853785829168006,0.055892860426672,0.050082986723632004,0.056247565763248006,0.059350951365568005
