ct_0,ct_1,ct_2,ct_3,ct_4,ct_5,ct_6
0.017770101631792,0.018480035943088,0.015312056919999999,0.009882919361968,0.011889026266048,0.009654479153151999,0.010112110927792
