ct_0,ct_1,ct_2,ct_3
0.019946967684351998,0.07036874600243201,0.013185914934832,0.004807426383808
