ct_0,ct_1,ct_2,ct_3
0.057915798623152,0.048776718173632,0.052341449786800005,0.056304148161472
