ct_0,ct_1,ct_2,ct_3,ct_4
0.024288011613231995,0.0337100587468,0.01055110912,0.0047661908848,0.005832171604527999
