ct_0,ct_1,ct_2,ct_3,ct_4
0.055093256659888,0.038393441732032005,0.056108548378672,0.061616960609199994,0.063283679378368
