ct_0,ct_1,ct_2,ct_3,ct_4,ct_5,ct_6,ct_7,ct_8
1.0,1.0,0.9444444444444444,0.7142857142857143,0.19999999999999996,0.5,0.5,1.0,1.0
