ct_0,ct_1,ct_2,ct_3,ct_4,ct_5
0.038049733486528,0.0718238368492,0.0662677533808,0.039819375581632004,0.039819375581632004,0.0718238368492
