ct_0,ct_1,ct_2,ct_3,ct_4,ct_5
0.05071930250387201,0.023573005818928,0.037030381231552,0.029539738618287997,0.029539738618287997,0.0148009477228
