ct_0,ct_1,ct_2
0.067872740373808,0.011822090647552,0.010189910698288
