ct_0,ct_1,ct_2
0.015674580071872,0.061192134598912006,0.06723270793988799
