ct_0,ct_1,ct_2,ct_3
0.063221732040112,0.069914967468208,0.07132724411819201,0.0634963881868
