ct_0,ct_1,ct_2,ct_3,ct_4,ct_5,ct_6
0.033627103694512,0.067174237546432,0.059667876310192006,0.075735438825472,0.07048726199699198,0.07401541547564801,0.068919538129072
