ct_0,ct_1,ct_2,ct_3,ct_4,ct_5
0.018717366611392,0.06559421893043199,0.061192576250800004,0.06841287952,0.067227268226992,0.067227268226992
