ct_0,ct_1,ct_2,ct_3,ct_4,ct_5,ct_6,ct_7,ct_8,ct_9
0.5714285714285714,1.0,0.4545454545454546,0.28,1.0,0.125,0.875,0.09999999999999998,0.25,0.5
