ct_0,ct_1,ct_2,ct_3,ct_4,ct_5
0.5952380952380952,0.7142857142857143,0.25,0.33333333333333337,0.5,1.0
