ct_0,ct_1,ct_2,ct_3,ct_4,ct_5
0.02571646075,0.053680857690111994,0.06645067027,0.070024549354432,0.0659068525168,0.06645067027
