ct_0,ct_1,ct_2,ct_3,ct_4,ct_5
0.010461612167728,0.066352193691568,0.070450506699712,0.068916342522112,0.068916342522112,0.070450506699712
