ct_0,ct_1,ct_2,ct_3,ct_4,ct_5
0.061052174498608,0.011101300637632,0.007143191747008001,0.004853678027199999,0.004853678027199999,0.0038113997632
