ct_0,ct_1,ct_2,ct_3,ct_4,ct_5,ct_6,ct_7,ct_8,ct_9,ct_10,ct_11,ct_12,ct_13,ct_14
0.47619047619047616,0.5,0.33333333333333337,0.19999999999999996,0.16666666666666663,0.2857142857142857,0.25,0.30000000000000004,1.0,1.0,0.6666666666666667,1.0,1.0,0.33333333333333337,1.0
