ct_0,ct_1,ct_2
0.0760871424652,0.07440674635268801,0.06713073402668801
