ct_0,ct_1,ct_2
0.011045974985152,0.0104724270592,0.009783474512128
