ct_0,ct_1,ct_2,ct_3,ct_4
0.040384507861168005,0.0549803136832,0.0799144242928,0.0799144242928,0.077136668827072
