ct_0,ct_1,ct_2,ct_3,ct_4
0.061306551305008,0.035800535384512,0.011382916415488002,0.011382916415488002,0.010810127127472
