ct_0,ct_1,ct_2,ct_3,ct_4,ct_5
0.039608346334768,0.067745505049648,0.07110419587,0.05661150667,0.06254896601924799,0.06254896601924799
