ct_0,ct_1,ct_2,ct_3,ct_4,ct_5
0.060414845810992004,0.023306740110591997,0.036208490964928,0.014328605248431998,0.009834002014767999,0.009834002014767999
