ct_0,ct_1
0.0323308321792,0.0553799617648
