ct_0,ct_1,ct_2
0.0115107413452,0.08067517969220801,0.090600840115648
