ct_0,ct_1,ct_2
0.08079189832196801,0.011526274115008,0.003721009850368
