ct_0,ct_1,ct_2,ct_3,ct_4,ct_5,ct_6
0.06846299617120001,0.009485947331008,0.025441315525888,0.018729575048751997,0.010005624284848,0.011750223841072,0.006353223442432001
