ct_0,ct_1,ct_2,ct_3,ct_4,ct_5,ct_6
0.046661772475312,0.074368005940672,0.06998281988920001,0.055516787070208004,0.066925106501632,0.071262705224752,0.072122457656752
