ct_0,ct_1,ct_2,ct_3
0.02351063068,0.0603285972748,0.07702770291524799,0.077040908449072
