ct_0,ct_1,ct_2,ct_3
0.050542279150768,0.015532725243328,0.0036257468992,0.0048380503552
