ct_0,ct_1,ct_2,ct_3,ct_4
0.024292722023871997,0.02932333675,0.009674015195391999,0.0037671242656480003,0.006927852801472
