ct_0,ct_1,ct_2,ct_3,ct_4
0.057601813183792,0.046351183878448006,0.058815444041152,0.063706614304192,0.061324668915712
