ct_0,ct_1,ct_2,ct_3,ct_4,ct_5
0.07741424464172801,0.07468603994680001,0.079907748151552,0.076973001491248,0.07800153461555201,0.07083395233100799
