ct_0,ct_1,ct_2,ct_3,ct_4,ct_5
0.017959388282800002,0.022584196722687997,0.0036928554477279997,0.005623968121792,0.004940920090672,0.014051939793712
