ct_0,ct_1,ct_2,ct_3
0.019946967684351998,0.040617996964288,0.012274424005552,0.0097551230092
