ct_0,ct_1,ct_2,ct_3
0.044269391143168,0.036470580125632,0.053603638372528004,0.056908471921072006
