ct_0,ct_1,ct_2,ct_3,ct_4,ct_5,ct_6
0.0689167990348,0.009706582177792,0.010289356374832,0.009873134337328,0.009873134337328,0.003747314381488,0.0036427521292
