ct_0,ct_1,ct_2,ct_3,ct_4,ct_5,ct_6
0.015611477131312002,0.043165807387072,0.039512251859632,0.040046971544512006,0.040046971544512006,0.046338013265200005,0.046477172548528
