ct_0,ct_1,ct_2,ct_3,ct_4,ct_5,ct_6
0.018592901006127996,0.06156431139731199,0.068683633634752,0.068683633634752,0.069615359708848,0.054499152223168,0.054499152223168
