ct_0,ct_1,ct_2,ct_3,ct_4,ct_5,ct_6
0.017349811145152,0.051182556609472,0.05080766118323199,0.057614850701872,0.059216077643200006,0.059186749083568,0.059217390953008
