ct_0,ct_1,ct_2,ct_3,ct_4,ct_5,ct_6
0.066727799243008,0.009555544342528,0.009845414323648,0.004765253889328,0.004737772148272,0.003645225834928,0.003623582784688
