ct_0,ct_1,ct_2,ct_3,ct_4,ct_5
0.09341922763052798,0.035475397484848,0.077251817088448,0.091339134830512,0.093366654286768,0.083576666727088
