ct_0,ct_1,ct_2,ct_3,ct_4,ct_5
0.02487758083,0.071398717646272,0.021136476797872,0.016375465241008,0.006024645909808,0.011244008341168002
