ct_0,ct_1,ct_2,ct_3,ct_4
0.05679240794756799,0.041285363710912,0.05421705194219201,0.042836138570032004,0.05421705194219201
