ct_0,ct_1,ct_2,ct_3,ct_4,ct_5
0.029548355736832,0.072781527392512,0.07259191778679999,0.072982884879808,0.0813705089452,0.081686209722928
