ct_0,ct_1,ct_2,ct_3,ct_4,ct_5
0.068929125203968,0.0095776675648,0.009710816520112,0.010613762489392,0.003795607174192,0.017959041368512
