ct_0,ct_1
0.010971258225712,0.052107542515888006
