ct_0,ct_1
0.07647509396320001,0.045590390753200004
