ct_0,ct_1,ct_2,ct_3,ct_4,ct_5,ct_6
0.7857142857142857,0.4545454545454546,0.12,1.0,0.625,1.0,1.0
