ct_0,ct_1,ct_2,ct_3,ct_4,ct_5,ct_6
0.027510001936431997,0.083642425686448,0.08634741833003201,0.09242595516587199,0.0846632476672,0.088549981049392,0.09253276675
