ct_0,ct_1,ct_2,ct_3,ct_4,ct_5,ct_6,ct_7,ct_8,ct_9,ct_10
0.014117005117888002,0.013454379132928001,0.012839176065472,0.020620538994112,0.010998572406208001,0.012740373803968,0.0054491301232000005,0.010151985368752,0.004913708360128,0.012956434961199999,0.006902395029952
