ct_0,ct_1,ct_2,ct_3,ct_4
0.4285714285714286,0.5,0.125,0.08333333333333337,1.0
