ct_0,ct_1,ct_2,ct_3,ct_4
0.045599000846272005,0.044358589110832,0.059780640315327996,0.056357720732608,0.034672733642752
