ct_0,ct_1,ct_2
0.9285714285714286,0.33333333333333337,0.04166666666666663
