ct_0,ct_1,ct_2
0.07036874600243201,0.009672712695808,0.037477299608512
