ct_0,ct_1,ct_2
0.013466793495472,0.076548518176192,0.078239761507888
