ct_0,ct_1,ct_2,ct_3,ct_4,ct_5,ct_6
0.055496128595200006,0.042500992059951996,0.049498407725488004,0.055656283844608,0.06064426987820801,0.059814875698432,0.059814875698432
