ct_0,ct_1,ct_2,ct_3,ct_4,ct_5,ct_6,ct_7
0.7857142857142857,0.7916666666666666,1.0,0.125,0.14814814814814814,0.6,1.0,1.0
