ct_0,ct_1,ct_2,ct_3,ct_4
0.066307486234048,0.042869685957568,0.0697559552512,0.067976851046848,0.037692140667568
