ct_0,ct_1,ct_2,ct_3,ct_4,ct_5,ct_6
0.035149315397632004,0.045781952800768,0.0049815934839519994,0.008474788337200001,0.009939687839152,0.007932401112112,0.006239269998592
