ct_0,ct_1,ct_2,ct_3,ct_4,ct_5,ct_6
0.068845137123328,0.037705110096832,0.08754166075307201,0.08935352994731201,0.08003700925892801,0.083012571278512,0.085588043098048
