ct_0,ct_1,ct_2,ct_3,ct_4
0.032011452304431996,0.029939979212799995,0.0036829566988,0.012407475051952,0.056691119254192
