ct_0,ct_1,ct_2,ct_3,ct_4
0.057532292886832,0.059287883319232,0.07813127722796799,0.07815827563,0.0690492241708
