ct_0,ct_1,ct_2,ct_3,ct_4,ct_5,ct_6
0.068040976662448,0.008424499932592,0.0095207408908,0.0059040751948,0.004773062422528,0.003617090695168,0.004784307659008001
