ct_0,ct_1,ct_2,ct_3,ct_4,ct_5,ct_6
0.017005538989311998,0.059644628574208006,0.056515923699712,0.06307918291499201,0.063051574253488,0.064713972496048,0.0646816835788
