ct_0,ct_1,ct_2
0.027074815790128,0.067633775628208,0.038389101871407996
