ct_0,ct_1,ct_2
0.6666666666666667,0.09090909090909094,0.9444444444444444
