ct_0,ct_1,ct_2,ct_3,ct_4,ct_5,ct_6
0.033596389830832005,0.077401964568832,0.075577353770032,0.06845570582675199,0.054318034106799994,0.079289510170048,0.075673506579712
