ct_0,ct_1,ct_2,ct_3,ct_4,ct_5,ct_6
0.7222222222222222,0.18181818181818177,0.25,1.0,0.7777777777777778,1.0,1.0
