ct_0,ct_1,ct_2,ct_3,ct_4,ct_5,ct_6
0.083647261534768,0.046077663920128,0.0781416973312,0.08541860400275199,0.07228023416108799,0.0577000482892,0.081506243220928
