ct_0,ct_1,ct_2,ct_3,ct_4,ct_5
0.0548086518592,0.0337292670508,0.055768722206128,0.065034413365552,0.065034413365552,0.07026130448684799
