ct_0,ct_1,ct_2,ct_3,ct_4
0.8888888888888888,0.375,0.19999999999999996,0.625,0.5
