ct_0,ct_1,ct_2,ct_3,ct_4
0.020113127694592,0.0852220300912,0.076967814890752,0.080940741304768,0.076967814890752
