ct_0,ct_1,ct_2,ct_3,ct_4,ct_5,ct_6,ct_7,ct_8,ct_9,ct_10,ct_11,ct_12,ct_13
0.8,0.625,0.33333333333333337,0.7142857142857143,0.5714285714285714,0.8,1.0,0.33333333333333337,1.0,1.0,1.0,0.75,1.0,0.5
