ct_0,ct_1,ct_2,ct_3,ct_4,ct_5,ct_6,ct_7,ct_8,ct_9,ct_10,ct_11,ct_12,ct_13
0.014743337470000001,0.029382088634368,0.006204789512367999,0.011337696742192,0.053193699111471995,0.008424499932592,0.004831174863808,0.017914990276528,0.004852740305968,0.004749638442928,0.0039523938892,0.007038339894447999,0.0039306908428000005,0.005023846693312
