ct_0,ct_1,ct_2,ct_3,ct_4,ct_5,ct_6
0.048367562825392,0.04883964307000001,0.040080418532800005,0.053508113325232004,0.053508113325232004,0.05707834890308801,0.058650765030448
