ct_0,ct_1,ct_2,ct_3
0.039318628466608004,0.028623700528431998,0.028623700528431998,0.018835658567727998
