ct_0,ct_1,ct_2,ct_3
0.033164295921088,0.034570007447488,0.034570007447488,0.061481159424448
