ct_0,ct_1,ct_2,ct_3,ct_4,ct_5
0.054821950708912,0.051375325022512006,0.050791248833200006,0.0740186779372,0.0692937163888,0.07749785912171199
