ct_0,ct_1,ct_2,ct_3,ct_4,ct_5
0.073161644673328,0.010759528769200001,0.009679225331968,0.005107773796288,0.005107773796288,0.0070466226557919995
