ct_0,ct_1,ct_2,ct_3,ct_4,ct_5
0.019453499290671996,0.063720457565488,0.06271919548,0.0691702968832,0.0691702968832,0.066382003367728
