ct_0,ct_1,ct_2,ct_3,ct_4,ct_5,ct_6
0.065504650046128,0.043883345459248,0.058707973788928,0.075569381752768,0.074906236192192,0.072530754338608,0.07984671699788799
