ct_0,ct_1,ct_2,ct_3,ct_4,ct_5,ct_6
0.023000345479168,0.06315579207275199,0.06509909347000001,0.06343126146923199,0.068120134078768,0.07156157031044799,0.07159803083411201
