ct_0,ct_1,ct_2,ct_3,ct_4
0.047546373419008005,0.028704559634367997,0.057644405288368006,0.04417616452868801,0.057644405288368006
