ct_0,ct_1,ct_2,ct_3,ct_4,ct_5
0.07556563030163199,0.031609573323568,0.077561178482608,0.06035103630131201,0.07550748988,0.07505501211059201
