ct_0,ct_1,ct_2
0.035291149978048,0.040713872901568,0.009357264691648
