ct_0,ct_1,ct_2
0.050725612574512004,0.034189373455791996,0.06215210897732801
