ct_0,ct_1,ct_2,ct_3,ct_4,ct_5
0.036918827083312,0.036528745002928006,0.050227715940352,0.051982645666048,0.0454121245168,0.05041034718251201
