ct_0,ct_1,ct_2,ct_3,ct_4
0.044798667236800004,0.034794848723199996,0.049800955844032005,0.061713884833792,0.061713884833792
