ct_0,ct_1,ct_2,ct_3,ct_4
0.041896413299968,0.041538453479728,0.014168270928832,0.0051685657169920005,0.0051685657169920005
