ct_0,ct_1,ct_2
0.05120448177299201,0.026343846405808,0.017216553730047997
