ct_0,ct_1,ct_2
0.051703065034288,0.070935661548592,0.089271097611712
