ct_0,ct_1,ct_2,ct_3,ct_4,ct_5,ct_6,ct_7,ct_8,ct_9,ct_10,ct_11
0.011506775837488,0.014322525867952001,0.013543318912048002,0.016047660386752,0.017614289772592,0.009103222822192,0.016070584391728,0.0053960398493919995,0.0097632693232,0.004822112354992,0.005052650494912,0.0049143338437119995
