ct_0,ct_1,ct_2,ct_3,ct_4,ct_5,ct_6
0.023850942949167994,0.066775753327552,0.067185114670528,0.0750531401728,0.069971815508272,0.069971815508272,0.068801785162288
