ct_0,ct_1
0.06816245308,0.011045974985152
