ct_0,ct_1
0.013534254347199999,0.065578913280448
