ct_0,ct_1
0.9047619047619048,0.8571428571428572
