ct_0,ct_1,ct_2,ct_3,ct_4,ct_5,ct_6
0.018835658567727998,0.0668644487152,0.06254185736363199,0.070211732051392,0.070211732051392,0.06981047509739201,0.07190746978739199
