ct_0,ct_1,ct_2,ct_3,ct_4,ct_5
0.062282099027392,0.027565872252928,0.067603808337712,0.071620186697152,0.053094105057328006,0.053094105057328006
