ct_0,ct_1,ct_2,ct_3,ct_4,ct_5
0.015685156970799998,0.0048755603968,0.023308180062208,0.015378764005312,0.011227521118768,0.004861180076992
