ct_0,ct_1,ct_2,ct_3,ct_4,ct_5
0.05037338790059201,0.060825420561328,0.0379564309132,0.052624014427312,0.05227404732851199,0.060845704415152
