ct_0,ct_1,ct_2,ct_3,ct_4,ct_5
1.0,1.0,1.0,0.16666666666666663,0.47619047619047616,0.8
