ct_0,ct_1,ct_2,ct_3,ct_4,ct_5
0.068238464022448,0.0319236249328,0.059658664652799995,0.08032246675,0.063709293580288,0.07509479405675201
