ct_0,ct_1,ct_2,ct_3,ct_4,ct_5
0.2777777777777778,0.33333333333333337,0.5714285714285714,1.0,0.625,0.8
