ct_0,ct_1,ct_2,ct_3,ct_4,ct_5
0.06419520235499199,0.056098190421808,0.07749691417412799,0.082248005030848,0.076158575397808,0.0772645620652
