ct_0,ct_1,ct_2,ct_3,ct_4,ct_5
0.0734972226028,0.076056131749552,0.012551991802288,0.0047677525612,0.0129079817728,0.009414440248768
