ct_0,ct_1
0.06985080016388799,0.010254345007551999
