ct_0,ct_1
0.014455998826431999,0.07541233705988801
