ct_0,ct_1,ct_2,ct_3,ct_4
0.027921164122671996,0.014263772955568,0.004735274139952,0.0048696204778720005,0.018755739549952
