ct_0,ct_1,ct_2,ct_3,ct_4
0.0525238425772,0.06330908707,0.066619259830528,0.064795611674032,0.062345124302848
