ct_0,ct_1,ct_2,ct_3,ct_4
0.022194577177647997,0.065803646441392,0.067451759668672,0.066591680661808,0.07650239025356799
