ct_0,ct_1,ct_2,ct_3,ct_4
0.015998404009408,0.067616067228928,0.07008967995596802,0.067588826103808,0.067588826103808
