ct_0,ct_1,ct_2,ct_3,ct_4,ct_5,ct_6
0.04940936141920001,0.039851190181312,0.0758053652812,0.058435164618928,0.058435164618928,0.08264711946731201,0.082584974592448
