ct_0,ct_1,ct_2,ct_3,ct_4,ct_5
0.06786819508868801,0.010166369469999999,0.031937689419568,0.003714821456128,0.005047327502512,0.004957813419568
