ct_0,ct_1
0.0490752652912,0.028847000319999996
