ct_0,ct_1
0.028847000319999996,0.052562886897328
