ct_0,ct_1,ct_2,ct_3,ct_4,ct_5,ct_6
0.018498492233152,0.073061801986048,0.0827189171008,0.07912733316164801,0.081246825627568,0.0827189171008,0.07912733316164801
