ct_0,ct_1,ct_2,ct_3,ct_4,ct_5,ct_6
0.062162310291712,0.010385279253951999,0.012174394245568,0.007488043661248001,0.0048333624748,0.0054726988012,0.009930550915887999
