ct_0,ct_1,ct_2,ct_3,ct_4
0.022375127339007997,0.037807719641008,0.023288381939248,0.011012725466799999,0.004902137537200001
