ct_0,ct_1,ct_2,ct_3,ct_4
0.058297796712447995,0.031804694302768,0.041788270096432004,0.058297796712447995,0.065050581712048
