ct_0,ct_1,ct_2,ct_3,ct_4
0.019134796382512,0.028336365710512002,0.045153417531328004,0.045126829580848,0.041325049178800005
