ct_0,ct_1,ct_2,ct_3,ct_4
0.059307590159152,0.019134796382512,0.0048693078592,0.00488962987,0.007863091260208
