ct_0,ct_1
0.049476665104432,0.0474917201728
