ct_0,ct_1
0.041896413299968,0.041538453479728
