ct_0,ct_1,ct_2,ct_3
0.7619047619047619,0.8333333333333334,1.0,0.08333333333333337
