ct_0,ct_1,ct_2,ct_3
0.010991002820272,0.05583854113720001,0.062486772782128004,0.062445468064192
