ct_0,ct_1,ct_2,ct_3
0.0699186346828,0.009740786808112,0.003674605317568,0.0190477155328
