ct_0,ct_1,ct_2
0.9523809523809523,1.0,0.33333333333333337
