ct_0,ct_1,ct_2
0.012867228334528002,0.06736828762412801,0.07904129175347199
