ct_0,ct_1,ct_2
0.069269484628528,0.011659868550592001,0.006294650047792
