ct_0,ct_1,ct_2,ct_3,ct_4,ct_5,ct_6
0.0323803733488,0.029831851091967995,0.016265081023792,0.011501819127808002,0.004855553492992,0.003666873118768,0.0103103024812
