ct_0,ct_1,ct_2,ct_3,ct_4,ct_5,ct_6
0.0620465743852,0.059148233882799994,0.0734390916928,0.07478138803883201,0.07959177908036799,0.079588445083072,0.069835677479872
