ct_0,ct_1,ct_2,ct_3,ct_4,ct_5,ct_6
0.47619047619047616,0.6111111111111112,0.4,0.5,0.5,1.0,1.0
