ct_0,ct_1,ct_2,ct_3,ct_4,ct_5,ct_6
0.052413115340032006,0.066909261553072,0.043395498315952005,0.054549704476672,0.0669300865612,0.061660327970608005,0.06867998508947201
