ct_0,ct_1,ct_2,ct_3,ct_4,ct_5,ct_6,ct_7,ct_8,ct_9,ct_10
0.00923812675,0.011305029845248001,0.013919212049199998,0.012224565503152,0.04076542678148801,0.008633205103552,0.014134203921328,0.010387571834032,0.004824612284848,0.0061583045632,0.004950930648111999
