ct_0,ct_1,ct_2,ct_3
0.026299788246448,0.078725890521088,0.05715292866999999,0.07150758172
