ct_0,ct_1,ct_2,ct_3
0.8333333333333334,0.09090909090909094,0.6666666666666667,0.625
