ct_0,ct_1,ct_2,ct_3
0.0600296249932,0.016222939269568,0.0285413927488,0.012382184715567998
