ct_0,ct_1,ct_2,ct_3,ct_4
0.0663874237132,0.060680400209152004,0.068776690222528,0.06495493528211199,0.079090251073072
