ct_0,ct_1,ct_2,ct_3,ct_4,ct_5,ct_6
0.013276681597888,0.0367326685708,0.021789590345728,0.021789590345728,0.010134661285888,0.026484916123312,0.018795867890992
