ct_0,ct_1,ct_2,ct_3,ct_4,ct_5,ct_6
0.07966942555955199,0.06822207639275199,0.0722492261548,0.0722492261548,0.078383845571632,0.055494407145472005,0.06297499987
