ct_0,ct_1,ct_2,ct_3,ct_4
0.070953154263088,0.021619365092800002,0.056025698658352,0.070896077380528,0.07045188492356799
