ct_0,ct_1,ct_2,ct_3,ct_4,ct_5,ct_6
0.061152831041200006,0.06104687803,0.061081748734912004,0.056770761089968,0.057066643935232,0.042315504559792,0.04218698036320001
