ct_0,ct_1,ct_2,ct_3,ct_4,ct_5,ct_6
0.007496677871152,0.005031046958128,0.005006317524928,0.008134785094192,0.007915390796032,0.049919084597248004,0.019882948931007997
