ct_0,ct_1,ct_2,ct_3
0.036283333769152,0.058254205781248,0.063236883084208,0.063236883084208
