ct_0,ct_1
0.028135314884608,0.0692708561728
