ct_0,ct_1
0.076705792,0.009782496765232
