ct_0,ct_1,ct_2
0.069290058609088,0.0676828211308,0.056945729482288
