ct_0,ct_1,ct_2
0.0523965749452,0.041896413299968,0.041538453479728
