ct_0,ct_1,ct_2
0.23333333333333328,0.33333333333333337,0.5833333333333333
