ct_0,ct_1,ct_2,ct_3,ct_4
0.07325316350080001,0.06844568196428799,0.07216316455595201,0.063274319357488,0.0767740995628
