ct_0,ct_1,ct_2,ct_3,ct_4,ct_5,ct_6,ct_7
0.06786819508868801,0.010166369469999999,0.031937689419568,0.003714821456128,0.006232309807551999,0.005047327502512,0.004957813419568,0.003728745829168
