ct_0,ct_1,ct_2,ct_3,ct_4,ct_5,ct_6
0.012835836915711999,0.071048004903088,0.079359929109952,0.077695901844928,0.077695901844928,0.072677201044912,0.079359929109952
