ct_0,ct_1,ct_2,ct_3,ct_4,ct_5,ct_6
0.06807463811396801,0.009723846181552,0.01023995068,0.009866611419568001,0.009866611419568001,0.010569147434799999,0.003638423277232
