ct_0,ct_1,ct_2,ct_3,ct_4,ct_5,ct_6
0.45238095238095233,0.5,0.8333333333333334,0.8333333333333334,0.8333333333333334,0.4285714285714286,1.0
