ct_0,ct_1,ct_2,ct_3,ct_4,ct_5,ct_6
0.043542694961152005,0.073665645877168,0.06947850616979201,0.0700860101632,0.0700860101632,0.07400562834500801,0.077409521467648
