ct_0,ct_1,ct_2,ct_3,ct_4,ct_5,ct_6
0.012808125307312,0.070530456537088,0.0612985976908,0.070185113976832,0.070185113976832,0.070164464024752,0.068866131401152
