ct_0,ct_1,ct_2,ct_3
0.046830866341552,0.068724683579392,0.067273509752368,0.070210355183152
