ct_0,ct_1,ct_2,ct_3
0.38095238095238093,0.5714285714285714,0.625,1.0
