ct_0,ct_1,ct_2,ct_3,ct_4,ct_5
0.051154731881728005,0.032402862235312,0.064482667562032,0.065953287489328,0.056180636274687994,0.06782774585747199
