ct_0,ct_1,ct_2,ct_3,ct_4,ct_5,ct_6
0.026184928429311995,0.08147074418483201,0.059425867940272006,0.078159222993328,0.055981266361792,0.055981266361792,0.079935407553472
