ct_0,ct_1,ct_2,ct_3
0.0576935268928,0.044868911662528,0.054401937228592,0.06298345741235199
