ct_0,ct_1,ct_2,ct_3
0.023970577253632,0.040088781232432,0.017513624589567997,0.0098463925708
