ct_0,ct_1,ct_2,ct_3,ct_4,ct_5,ct_6
0.05181003088,0.061302574462912006,0.083115353549248,0.08278109296043201,0.083125971791872,0.092402002860208,0.09000593887019201
