ct_0,ct_1,ct_2,ct_3,ct_4,ct_5,ct_6
0.6428571428571428,1.0,0.5454545454545454,0.25,0.75,0.16666666666666663,0.5
