ct_0,ct_1,ct_2,ct_3,ct_4
0.2666666666666667,0.41666666666666663,1.0,0.6,1.0
