ct_0,ct_1,ct_2,ct_3,ct_4
0.090110860003888,0.084976025051392,0.09674346155243202,0.09257720003987199,0.091059380896192
