ct_0,ct_1,ct_2,ct_3,ct_4
0.024194196173247997,0.024484160563647994,0.003865916937472,0.008902441565871999,0.007432735707952
