ct_0,ct_1,ct_2,ct_3,ct_4,ct_5
0.011033793445552002,0.059153923207168,0.060560575583488,0.060560575583488,0.066067836206128,0.06751755987755201
