ct_0,ct_1,ct_2,ct_3,ct_4,ct_5
0.021365463242752,0.042719779335472,0.004869933097408,0.010172581303552,0.028078872911872,0.0063022470892
