ct_0,ct_1,ct_2,ct_3,ct_4,ct_5
0.07164834597880002,0.074425418556208,0.079413231698368,0.07163957471027199,0.049097799377151995,0.0772551212812
