ct_0,ct_1,ct_2,ct_3,ct_4
0.052309653452799997,0.034803353618368005,0.065870342132272,0.067354680825088,0.048578904074031995
