ct_0,ct_1
0.074071349245888,0.012094692388288001
