ct_0,ct_1
0.5952380952380952,0.6666666666666667
