ct_0,ct_1
0.034590084452800006,0.074045711390128
