ct_0,ct_1,ct_2,ct_3,ct_4,ct_5,ct_6
0.025043898770367997,0.064475947022272,0.073258274677552,0.073258274677552,0.061992052580608005,0.07140379075,0.067954115592448
