ct_0,ct_1,ct_2,ct_3
0.062063864516032005,0.032748959721472,0.060532390843648004,0.045379767270832004
