ct_0,ct_1,ct_2
0.073266638646832,0.07338608807315199,0.067514382898432
