ct_0,ct_1,ct_2
0.06816245308,0.005958979204912,0.010063755917872001
