ct_0,ct_1,ct_2,ct_3,ct_4,ct_5
0.5555555555555556,0.75,0.5666666666666667,0.625,0.8333333333333334,1.0
