ct_0,ct_1,ct_2,ct_3,ct_4,ct_5
0.0734972226028,0.013483571540271999,0.057900567334911994,0.0129079817728,0.023774368895151998,0.006354490220800001
