ct_0,ct_1,ct_2,ct_3,ct_4,ct_5
0.049275238923952,0.090703005008128,0.059353141550128,0.092723528773168,0.075752801322928,0.096917223744448
