ct_0,ct_1,ct_2,ct_3
0.036759641601472,0.0591854359552,0.031163628870591997,0.031163628870591997
