ct_0,ct_1,ct_2,ct_3
0.0611616627052,0.008350073029888,0.031060743151552,0.031060743151552
