ct_0,ct_1,ct_2,ct_3,ct_4
0.0669187683952,0.077871383711152,0.07911354561740801,0.06813833488388801,0.087866559549232
