ct_0,ct_1,ct_2,ct_3
0.051796921419952,0.072336706461952,0.07089377617196801,0.0684516051052
