ct_0,ct_1,ct_2,ct_3
0.066727799243008,0.009555544342528,0.010488487270192,0.009845414323648
