ct_0,ct_1,ct_2,ct_3
0.3571428571428571,0.6666666666666667,0.7142857142857143,1.0
