ct_0,ct_1,ct_2,ct_3,ct_4
0.19999999999999996,0.33333333333333337,0.2857142857142857,0.375,0.4
