ct_0,ct_1,ct_2,ct_3,ct_4
0.057029799074992005,0.05481508668280001,0.055028403766528004,0.054135360083968,0.052439413031871995
