ct_0,ct_1,ct_2,ct_3
0.006309211481007999,0.005761888294912,0.005346427475248,0.015053371066672
