ct_0,ct_1,ct_2,ct_3
0.07136782009028801,0.0702557959408,0.070862942061232,0.073070159376832
