ct_0,ct_1,ct_2,ct_3,ct_4,ct_5
0.5357142857142857,0.8333333333333334,0.6666666666666667,0.5,0.5,1.0
