ct_0,ct_1,ct_2,ct_3,ct_4,ct_5
0.046013555168512,0.045735583247152004,0.057367270827952004,0.0676147050988,0.0676147050988,0.065979439371952
