ct_0,ct_1,ct_2
0.028847000319999996,0.008477690232832,0.052562886897328
