ct_0,ct_1,ct_2
0.7777777777777778,0.8,0.7142857142857143
