ct_0,ct_1,ct_2
0.060918035641648,0.080930209472512,0.044728448371648
