ct_0,ct_1,ct_2,ct_3,ct_4,ct_5,ct_6,ct_7,ct_8
0.6111111111111112,1.0,0.125,0.09090909090909094,0.38888888888888884,1.0,1.0,0.25,0.25
