ct_0,ct_1,ct_2,ct_3,ct_4,ct_5,ct_6
0.071398717646272,0.006418797376048,0.004812425649088,0.016653192287488,0.017723686029999998,0.00600506827,0.005865279520768
