ct_0,ct_1,ct_2,ct_3,ct_4,ct_5,ct_6
0.032396763257008,0.0918795403852,0.092346620777728,0.08702907282116798,0.079093578738112,0.08862136937267201,0.088839585537712
