ct_0,ct_1,ct_2,ct_3
0.017978122937392,0.056907172354048005,0.055605899546799994,0.06332959356971199
