ct_0,ct_1
0.012551991802288,0.064142404812592
