ct_0,ct_1
0.076056131749552,0.012551991802288
