ct_0,ct_1,ct_2
0.023922495295791997,0.0387927607372,0.017471788781487998
