ct_0,ct_1,ct_2
0.06301907153843199,0.039896535539968005,0.058441271849008006
