ct_0,ct_1,ct_2
0.3125,0.7142857142857143,0.6666666666666667
