ct_0,ct_1,ct_2,ct_3,ct_4,ct_5,ct_6
0.051386719611328,0.034118892475648005,0.061164312271792,0.060099056452528,0.063838829007808,0.063838829007808,0.070032804381952
