ct_0,ct_1,ct_2,ct_3,ct_4
0.0721566880108,0.080498286469168,0.076782109225408,0.080326765292992,0.080599148922112
