ct_0,ct_1,ct_2,ct_3,ct_4
0.009394620689968,0.003767743381552,0.018529490330799998,0.006459681015807999,0.012266445338800001
