ct_0,ct_1,ct_2,ct_3,ct_4,ct_5
0.010652157346048002,0.05654662675000001,0.064670024792752,0.064670024792752,0.06410527476524801,0.064670024792752
