ct_0,ct_1,ct_2,ct_3,ct_4
0.063523604119552,0.078953853257728,0.073806240319792,0.07197356444459199,0.07724756890283199
