ct_0,ct_1,ct_2,ct_3,ct_4
0.068040976662448,0.008424499932592,0.011817121586992,0.0095207408908,0.0059040751948
