ct_0,ct_1,ct_2,ct_3,ct_4,ct_5,ct_6,ct_7,ct_8
0.8095238095238095,0.1428571428571429,0.20833333333333337,0.875,0.5,0.5,0.5,1.0,1.0
