ct_0,ct_1,ct_2,ct_3,ct_4,ct_5,ct_6,ct_7
0.4444444444444444,0.5,0.4285714285714286,0.5,0.8333333333333334,1.0,0.625,0.5
