ct_0,ct_1,ct_2,ct_3,ct_4,ct_5,ct_6
0.069476218305712,0.062915360796592,0.018165260624128,0.0068190595371520005,0.0068190595371520005,0.004750887599151999,0.010656095948800001
