ct_0,ct_1,ct_2,ct_3,ct_4,ct_5,ct_6
0.0367893557872,0.05078367434564801,0.059854823622448,0.077323102639792,0.077323102639792,0.078423198188992,0.0748800457072
