ct_0,ct_1,ct_2,ct_3,ct_4,ct_5,ct_6,ct_7,ct_8
0.054323170078767996,0.054203790911488,0.063892004226352,0.054728018556928,0.054728018556928,0.0433383534592,0.05953237179596801,0.05953237179596801,0.064527028
