ct_0,ct_1,ct_2,ct_3
0.082675065259312,0.038807391537088,0.010166042540031998,0.010166042540031998
