ct_0,ct_1,ct_2,ct_3
0.023035196798511997,0.062164528029232,0.08150528372531199,0.08150528372531199
