ct_0,ct_1,ct_2,ct_3,ct_4,ct_5,ct_6,ct_7
0.8,0.8333333333333334,0.7142857142857143,0.75,0.2222222222222222,1.0,1.0,1.0
