ct_0,ct_1,ct_2,ct_3
0.035006435403568,0.005344543886127999,0.005344543886127999,0.003949913326768
