ct_0,ct_1,ct_2,ct_3
0.05517359847520001,0.08001792613700799,0.08001792613700799,0.079968316489648
