ct_0,ct_1,ct_2,ct_3,ct_4,ct_5
0.079105463601712,0.070175936004352,0.0773353789612,0.05402719897720001,0.081106433308672,0.08091728461355199
