ct_0,ct_1,ct_2,ct_3,ct_4,ct_5
0.023965876839471996,0.039451920870832005,0.017372954429872,0.025129129230592,0.004902762956848,0.005026351081408
