ct_0,ct_1
0.007940425688512,0.050591880701872
