ct_0,ct_1
0.079494158123008,0.039169583570608006
