ct_0,ct_1,ct_2,ct_3,ct_4,ct_5,ct_6
0.06095906306483201,0.046870892721088006,0.069729845036848,0.061021721503168,0.063867872778928,0.0584992989808,0.061006717192192
