ct_0,ct_1,ct_2,ct_3,ct_4,ct_5,ct_6
0.056617563121072,0.036908262434752,0.06676534737131201,0.066651364223152,0.0684424926412,0.05513664608051201,0.06672870394720001
