ct_0,ct_1,ct_2,ct_3
0.007169020683568001,0.05071930250387201,0.017842527083968,0.003658832204848
