ct_0,ct_1,ct_2,ct_3
0.07789031069099199,0.07586873802880001,0.05828428259972801,0.077946626629888
