ct_0,ct_1,ct_2,ct_3,ct_4,ct_5,ct_6
0.071211086302768,0.071096365210048,0.062429037082288,0.067843652042032,0.069299203162048,0.07051896788228801,0.071255791347712
