ct_0,ct_1,ct_2,ct_3,ct_4,ct_5,ct_6,ct_7,ct_8,ct_9,ct_10
0.4285714285714286,0.45833333333333337,1.0,0.19999999999999996,0.33333333333333337,0.2857142857142857,0.375,0.2222222222222222,1.0,0.75,1.0
