ct_0,ct_1,ct_2,ct_3,ct_4,ct_5,ct_6
0.055001351761072,0.041717548526128,0.059980420819888004,0.070214026849072,0.058571745263872,0.0684402145792,0.070324202539312
