ct_0,ct_1,ct_2,ct_3,ct_4
0.020032839927807997,0.0461528952172,0.049959314317312,0.06513458530451201,0.06513458530451201
