ct_0,ct_1,ct_2,ct_3
0.035298516135472004,0.050430929682688,0.059574022977328,0.046662596970928
