ct_0,ct_1,ct_2,ct_3
0.017349811145152,0.056182794966448,0.055798888097968,0.062767220429248
