ct_0,ct_1,ct_2,ct_3,ct_4,ct_5
0.04325732638720001,0.065436708548032,0.04757246323,0.076636560807088,0.078336914691328,0.07640686595320001
