ct_0,ct_1,ct_2,ct_3,ct_4,ct_5
0.036015683768368,0.012859880722432002,0.027408671668528,0.007616342456368001,0.00387025468,0.006364624945407999
