ct_0,ct_1,ct_2,ct_3,ct_4,ct_5
0.049503007425472006,0.04959627843140801,0.076912183388608,0.084392043522352,0.083387698735552,0.0846511129132
