ct_0,ct_1,ct_2,ct_3,ct_4
0.038199433835968,0.080875163519152,0.04964313927083199,0.084705480820528,0.086759926827568
