ct_0,ct_1,ct_2,ct_3,ct_4,ct_5,ct_6
0.016596502424367998,0.048526463994928,0.0533039887168,0.05516973106475201,0.051887435900848,0.054731877965872006,0.053441186342847995
