ct_0,ct_1,ct_2,ct_3,ct_4,ct_5,ct_6
0.04650888832,0.0440996630092,0.06257384805572799,0.081120325486768,0.080033192523952,0.080656528613632,0.083043932604352
