ct_0,ct_1,ct_2,ct_3,ct_4,ct_5,ct_6
0.031877638518832005,0.041372362111408004,0.018227116330432,0.004961880708352,0.0056755900528,0.028482201940911996,0.008653223661568
