ct_0,ct_1,ct_2,ct_3,ct_4,ct_5
0.027484478349568,0.074000967940528,0.059731929794607994,0.077520066384832,0.073985123211568,0.07760607847244799
