ct_0,ct_1,ct_2,ct_3,ct_4,ct_5
0.33333333333333337,0.2222222222222222,0.125,1.0,0.9166666666666666,0.4
