ct_0,ct_1,ct_2,ct_3,ct_4,ct_5
0.007010947229488,0.018768998085567996,0.012682329425152,0.0058331174127999996,0.042844221733552,0.04838960178995201
