ct_0,ct_1,ct_2,ct_3,ct_4,ct_5
0.088209044974528,0.084628786376752,0.0884904226288,0.08517339495519999,0.0432168258112,0.06645202573868801
