ct_0,ct_1,ct_2,ct_3,ct_4
0.074071349245888,0.012094692388288001,0.008849387229999998,0.00479586643,0.007888115167792
