ct_0,ct_1,ct_2,ct_3,ct_4
0.018553527273472,0.06332825613356799,0.06734787771716799,0.071430080325568,0.0691451635948
