ct_0,ct_1,ct_2,ct_3,ct_4,ct_5,ct_6,ct_7,ct_8,ct_9,ct_10,ct_11,ct_12,ct_13,ct_14
0.013673313555712002,0.028489646124592,0.021062709754288,0.021062709754288,0.010094138950912001,0.009009267666352,0.005616100966192,0.010222287200512001,0.008231278946992,0.015311716662831999,0.005338893305392,0.015311716662831999,0.005338893305392,0.0039384414448,0.007609300017712
