ct_0,ct_1,ct_2,ct_3,ct_4,ct_5
0.053388341867967995,0.033551096975151996,0.06508112497719999,0.047555483756992,0.065062259547568,0.065062259547568
