ct_0,ct_1,ct_2,ct_3,ct_4,ct_5,ct_6
0.067872740373808,0.011822090647552,0.010189910698288,0.0050388738513279996,0.0058586571754719995,0.0058586571754719995,0.0070042592936319995
