ct_0,ct_1,ct_2,ct_3,ct_4,ct_5,ct_6
0.017457961544368,0.0712631661568,0.068401946367232,0.07414874480435199,0.0729350825452,0.0729350825452,0.0712631661568
