ct_0,ct_1,ct_2,ct_3,ct_4,ct_5,ct_6,ct_7
0.5714285714285714,0.5833333333333333,1.0,0.19999999999999996,0.16666666666666663,0.2857142857142857,0.1875,1.0
