ct_0,ct_1,ct_2,ct_3
0.049296959889712,0.027862202595327998,0.053152408655872,0.052641846665008
