ct_0,ct_1,ct_2,ct_3
0.012679327841200001,0.036268908459568004,0.0100291349068,0.008859414012351999
