ct_0,ct_1,ct_2,ct_3,ct_4,ct_5,ct_6
0.019329785639871998,0.059216953182208,0.042598648004272,0.059211262240432,0.059211262240432,0.059216953182208,0.051606293829567995
