ct_0,ct_1,ct_2,ct_3,ct_4,ct_5,ct_6
0.018379439625472,0.068121044086192,0.078015263428528,0.075884701054912,0.069791231401648,0.069791231401648,0.075884701054912
