ct_0,ct_1,ct_2,ct_3,ct_4,ct_5
0.024968542029999995,0.038685636071872004,0.0118830602752,0.006099829629999999,0.010613762489392,0.009113918875648
