ct_0,ct_1,ct_2,ct_3,ct_4,ct_5
0.05896319169356801,0.048082937993152,0.076031701715248,0.086623007445808,0.08845695733292801,0.086083813951792
