ct_0,ct_1,ct_2,ct_3,ct_4,ct_5,ct_6,ct_7
0.08333333333333337,0.08333333333333337,0.4444444444444444,0.19999999999999996,0.3214285714285714,1.0,1.0,1.0
