ct_0,ct_1,ct_2,ct_3,ct_4,ct_5,ct_6
0.018394750670847997,0.06711668771588801,0.06857283374123199,0.06857283374123199,0.067605170405632,0.074270947682752,0.072556237279168
