ct_0,ct_1
0.0523965749452,0.017897304389632
