ct_0,ct_1
0.0719486035468,0.061675818324927995
