ct_0,ct_1,ct_2,ct_3,ct_4
0.041927782501312,0.05753576837636801,0.036700619013808,0.065873947843888,0.0677237000812
