ct_0,ct_1,ct_2
0.19444444444444442,0.04761904761904767,0.1428571428571429
