ct_0,ct_1,ct_2
0.0734972226028,0.076056131749552,0.012551991802288
