ct_0,ct_1,ct_2
0.080708180973568,0.09316896369452798,0.09629003173508799
