ct_0,ct_1,ct_2,ct_3,ct_4
0.014575055409088,0.06581265826667201,0.07691359759979201,0.077501166465472,0.077501166465472
