ct_0,ct_1,ct_2,ct_3,ct_4
0.06965931568811201,0.012944737700800001,0.008400330299392,0.004812738110512,0.004812738110512
