ct_0,ct_1,ct_2,ct_3,ct_4
0.009679225331968,0.0070466226557919995,0.037586062497328,0.0089237992588,0.0036860499627999997
