ct_0,ct_1,ct_2,ct_3,ct_4
0.0745061917552,0.07835160930884799,0.07351303654571201,0.081330233643952,0.083475158546608
