ct_0,ct_1,ct_2,ct_3,ct_4,ct_5
0.053164752373168,0.031114825836208,0.048790051605952,0.051616011161392,0.055015092033712,0.055112157898288
