ct_0,ct_1,ct_2,ct_3,ct_4,ct_5,ct_6,ct_7,ct_8,ct_9
0.069500013147952,0.011772408789952001,0.009996808956352,0.007038658451392,0.007038658451392,0.003604416761392,0.004839300489472001,0.004839300489472001,0.004920588869632,0.004723409355568
