ct_0,ct_1,ct_2
0.06985080016388799,0.011731684172847999,0.008170157144752001
