ct_0,ct_1,ct_2
0.009326414007088,0.066247889463232,0.067868649613312
