ct_0,ct_1,ct_2,ct_3,ct_4,ct_5,ct_6
0.062104213265200006,0.028895130494512,0.0124078078528,0.0037185344512,0.008596728209968001,0.007371703204288,0.009399494053888
