ct_0,ct_1,ct_2,ct_3,ct_4,ct_5,ct_6
0.027920793227199998,0.06271030307679999,0.073963687815088,0.083113905639472,0.07576828779155201,0.0831481749232,0.074607544986928
