ct_0,ct_1,ct_2,ct_3,ct_4
0.024651503674288,0.07325548675000002,0.072447837044992,0.071423622976768,0.08256426282923202
