ct_0,ct_1,ct_2,ct_3,ct_4
0.072553920540208,0.010152966049792,0.010723399630000002,0.011453253660592001,0.009821612706352
