ct_0,ct_1,ct_2,ct_3,ct_4
0.7619047619047619,1.0,1.0,1.0,0.19999999999999996
