ct_0,ct_1,ct_2,ct_3,ct_4,ct_5,ct_6
0.08182882941280001,0.055380391896112,0.07610593867,0.065830682954032,0.07240060046636801,0.080113355570608,0.083697559479088
