ct_0,ct_1,ct_2,ct_3,ct_4
0.0396369461932,0.053892609279999996,0.066924201047488,0.038032801567792,0.064957180054192
