ct_0,ct_1,ct_2,ct_3,ct_4
0.044857474781632,0.019007865068992,0.016047660386752,0.028252718662912,0.0050470143930879995
