ct_0,ct_1,ct_2,ct_3
0.026501088497199995,0.059291386629568,0.073970211437872,0.081264559625152
