ct_0,ct_1,ct_2,ct_3
0.062104213265200006,0.028895130494512,0.0124078078528,0.0037185344512
