ct_0,ct_1,ct_2,ct_3,ct_4,ct_5,ct_6
0.059787223634608005,0.0465006499648,0.0649441606768,0.059864043390208004,0.05862413089715201,0.063336280867072,0.059830239437871996
