ct_0,ct_1
0.010759528769200001,0.06488042111180799
