ct_0,ct_1,ct_2,ct_3,ct_4
0.022441682525631997,0.009844436084272,0.0061266928192,0.005007256518832,0.004877748866608
