ct_0,ct_1,ct_2,ct_3,ct_4
0.063976037067952,0.07550139528260799,0.079185343892272,0.080883300027328,0.081081525015808
