ct_0,ct_1,ct_2,ct_3
0.06807463811396801,0.009723846181552,0.010569147434799999,0.0100421982988
