ct_0,ct_1,ct_2,ct_3
0.0737973926512,0.080011724420032,0.078286674853312,0.0705566526892
