ct_0,ct_1,ct_2,ct_3,ct_4,ct_5
0.014739271807407998,0.020940792444592,0.006896031451072,0.012113949110272,0.015981989198271998,0.0052309582252
