ct_0,ct_1,ct_2,ct_3,ct_4,ct_5
0.067067758666672,0.055942449528832,0.074711275648432,0.070695953041408,0.062173399195312,0.0771866859328
