ct_0,ct_1,ct_2,ct_3,ct_4,ct_5,ct_6
0.0321480374272,0.06544750588,0.048675079844800004,0.048675079844800004,0.071184359334832,0.070550218286512,0.070550218286512
