ct_0,ct_1
0.036162509627392,0.008465115857199999
