ct_0,ct_1
0.064596049957312,0.102339823757488
