ct_0,ct_1,ct_2,ct_3,ct_4,ct_5
0.06055573107947201,0.038068242294832,0.061959700292272,0.072407083386112,0.072407083386112,0.074001900014512
