ct_0,ct_1,ct_2
0.5277777777777778,0.18181818181818177,1.0
