ct_0,ct_1,ct_2
0.043824835393072,0.075883292512432,0.045574811553328
