ct_0,ct_1,ct_2
0.0600296249932,0.016222939269568,0.0285413927488
