ct_0,ct_1,ct_2,ct_3,ct_4,ct_5
0.0714285714285714,0.1428571428571429,0.6666666666666667,1.0,0.5,1.0
