ct_0,ct_1,ct_2,ct_3,ct_4,ct_5
0.060195769093168,0.050534293584831996,0.051969525278127995,0.0462063557932,0.05429577966596799,0.058516317353391994
