ct_0,ct_1,ct_2
0.076056131749552,0.012551991802288,0.005256677655088
