ct_0,ct_1,ct_2
0.012551991802288,0.056804531131311994,0.066790684410928
