ct_0,ct_1,ct_2,ct_3,ct_4
0.015685156970799998,0.0048755603968,0.023308180062208,0.013985896028848002,0.005093677223728
