ct_0,ct_1,ct_2,ct_3,ct_4
0.0850251111532,0.08956045726720001,0.081168235121968,0.076041097605808,0.091201956586288
