ct_0,ct_1,ct_2,ct_3,ct_4,ct_5
0.061095433649200004,0.028869757757871997,0.053101338929151996,0.06467361204932799,0.071782723851712,0.0699071748208
