ct_0,ct_1,ct_2,ct_3,ct_4
0.056722712786368,0.065997476846512,0.056503816652031996,0.0729443638348,0.0729443638348
