ct_0,ct_1,ct_2,ct_3,ct_4,ct_5,ct_6
0.046034100555712,0.029951622275631997,0.006753895642672,0.007283565320127999,0.011064084865072,0.003661924794928,0.0036582136972
