ct_0,ct_1,ct_2,ct_3,ct_4,ct_5
0.009723846181552,0.050710468731568,0.053808053921727994,0.053808053921727994,0.05895182298515201,0.058953134729391996
