ct_0,ct_1,ct_2,ct_3,ct_4,ct_5
0.06807463811396801,0.009723846181552,0.009866611419568001,0.009866611419568001,0.0036245102571520003,0.003623582784688
