ct_0,ct_1,ct_2,ct_3,ct_4,ct_5,ct_6
0.054025916766208,0.029248524429999995,0.054025916766208,0.0633848810668,0.07379366741036801,0.073798323970048,0.073840702633648
