ct_0,ct_1,ct_2,ct_3,ct_4,ct_5,ct_6,ct_7,ct_8
0.057090921607168006,0.036208880688688,0.0736647150508,0.05835927460523199,0.066982609917232,0.066982609917232,0.073522339331632,0.0730534448752,0.068427913417648
