ct_0,ct_1,ct_2,ct_3,ct_4,ct_5,ct_6,ct_7,ct_8,ct_9
0.058047702304192,0.077124873754672,0.06435411495827201,0.065659504238512,0.07364144551480001,0.06757293688388799,0.07939562160875199,0.07939562160875199,0.075312535187392,0.080600583262768
