ct_0,ct_1,ct_2,ct_3
0.011109206292928001,0.065455154291248,0.075854184375472,0.07125256493828801
