ct_0,ct_1,ct_2,ct_3,ct_4,ct_5
0.0828153199168,0.008706191987968,0.0194503437808,0.022572375015472,0.0093614869708,0.004969077038512
