ct_0,ct_1,ct_2,ct_3,ct_4,ct_5
0.011024575769392,0.06931429243000001,0.06639419932,0.065035311577648,0.06639419932,0.06931429243000001
