ct_0,ct_1,ct_2,ct_3,ct_4,ct_5,ct_6
0.085991124181552,0.07547139323972801,0.016472553906112,0.003758147473408,0.003796536087808,0.003796536087808,0.0048833765548
