ct_0,ct_1,ct_2,ct_3,ct_4,ct_5,ct_6
0.048441174131967996,0.040031842766848,0.053587003662592,0.070858800461248,0.070801745541568,0.070801745541568,0.06920000323
