ct_0,ct_1,ct_2,ct_3,ct_4,ct_5,ct_6
0.0204442599148,0.0424792079692,0.009860088847408,0.013642734703408,0.014318810828800002,0.013611827092912,0.004874309861632
