ct_0,ct_1,ct_2,ct_3,ct_4,ct_5,ct_6
0.072087769557952,0.053682137806768,0.08116871426195199,0.07939276602999999,0.068336813315248,0.06685811222963199,0.079367067220912
