ct_0,ct_1,ct_2,ct_3,ct_4,ct_5,ct_6
0.4285714285714286,0.5833333333333333,0.16666666666666663,0.2222222222222222,0.875,1.0,1.0
