ct_0,ct_1,ct_2
0.07326385062596799,0.043137469745152,0.06379325998720001
