ct_0,ct_1,ct_2,ct_3,ct_4,ct_5,ct_6
0.021556737737152,0.049251432087807995,0.052439837215408,0.05250347453060801,0.047062884651568,0.049272315126208,0.049272315126208
