ct_0,ct_1,ct_2,ct_3,ct_4
0.069708317673472,0.064403377580032,0.067024274638768,0.06712710909280001,0.069708317673472
