ct_0,ct_1,ct_2,ct_3,ct_4
0.125,0.2857142857142857,0.16666666666666663,1.0,0.33333333333333337
