ct_0,ct_1,ct_2,ct_3,ct_4,ct_5,ct_6
0.05441221336120001,0.04067671507000001,0.0845661847552,0.08439786260036801,0.080628793542592,0.077220193385392,0.0845661847552
