ct_0,ct_1,ct_2,ct_3,ct_4,ct_5,ct_6,ct_7,ct_8,ct_9,ct_10
0.032011452304431996,0.029939979212799995,0.0061093100428,0.0036866686259680002,0.0036860499627999997,0.008998904652208,0.0048324249220480005,0.0048324249220480005,0.006146923340031999,0.0064248180945280006,0.003917361070528
