ct_0,ct_1,ct_2
0.076705792,0.009782496765232,0.029995197232047997
