ct_0,ct_1,ct_2
0.043965045716992,0.078496703953072,0.047866728353199994
