ct_0,ct_1,ct_2,ct_3,ct_4
0.0215179648972,0.067904105195968,0.06641362380356801,0.078408973664512,0.073761073911808
