ct_0,ct_1
0.16666666666666663,0.16666666666666663
