ct_0,ct_1
0.034441878565312,0.0437399464048
