ct_0,ct_1
0.077763526322992,0.075175781299648
