ct_0,ct_1,ct_2,ct_3,ct_4
0.039239730446272,0.037451002296112,0.056430756353968,0.04166171347379201,0.054180693034432
