ct_0,ct_1,ct_2,ct_3,ct_4,ct_5,ct_6
0.069937888466608,0.0096818304832,0.022885429700607997,0.006831142687168,0.011003180204032001,0.0065303897452,0.007330500131631999
