ct_0,ct_1,ct_2,ct_3,ct_4,ct_5,ct_6
0.7142857142857143,0.8333333333333334,0.0625,0.33333333333333337,0.1428571428571429,1.0,0.5
