ct_0,ct_1,ct_2,ct_3,ct_4,ct_5,ct_6
0.018489786133552,0.061851154351552,0.068615232612352,0.06791046957491201,0.068674056321328,0.064523443003648,0.066874406391808
