ct_0,ct_1,ct_2,ct_3,ct_4
0.06574778083844801,0.040956981341632004,0.063888429038128,0.063761099031808,0.063761099031808
