ct_0,ct_1,ct_2,ct_3,ct_4
0.022167424347568,0.023142676242688,0.0097551230092,0.005027603296192,0.005027603296192
