ct_0,ct_1,ct_2,ct_3,ct_4,ct_5
0.0714014847808,0.038418299311408,0.074748666504112,0.06501016294532799,0.082157095834288,0.082157095834288
