ct_0,ct_1,ct_2,ct_3,ct_4,ct_5,ct_6,ct_7
0.625,0.6666666666666667,0.7142857142857143,0.7142857142857143,0.4,0.75,0.6666666666666667,0.25
