ct_0,ct_1,ct_2,ct_3,ct_4,ct_5
0.011994471596032001,0.058429493771200006,0.05249329125380801,0.056255771451328006,0.056255771451328006,0.058429493771200006
