ct_0,ct_1,ct_2,ct_3,ct_4,ct_5
0.071722683457792,0.066446603910592,0.07003372162451199,0.0665026354672,0.06652026104171199,0.069890215216048
