ct_0,ct_1,ct_2,ct_3,ct_4,ct_5
0.023965876839471996,0.039451920870832005,0.009847696912432,0.007221333665967999,0.007208891277568,0.004870558339072
