ct_0,ct_1,ct_2,ct_3,ct_4,ct_5,ct_6
0.08979769646080002,0.036496732428592006,0.0859769795392,0.083931761317552,0.08948833649555199,0.07877194194155199,0.085984783389952
