ct_0,ct_1,ct_2,ct_3,ct_4,ct_5,ct_6
0.024968542029999995,0.068929125203968,0.0095776675648,0.009710816520112,0.006099829629999999,0.012062493675952001,0.011582141759152
