ct_0,ct_1,ct_2,ct_3,ct_4,ct_5,ct_6
0.008712653129728,0.061479832778799995,0.012373201192192,0.029008236986368,0.024281127429568,0.003711417986608,0.003711417986608
