ct_0,ct_1,ct_2,ct_3,ct_4,ct_5,ct_6
0.07554218498483199,0.044165582711728005,0.07927333551923199,0.07733112939923201,0.05171955023507201,0.079229098194352,0.079229098194352
