ct_0,ct_1,ct_2,ct_3,ct_4,ct_5,ct_6,ct_7
0.30952380952380953,0.5,0.8,0.7142857142857143,1.0,0.6,1.0,1.0
