ct_0,ct_1,ct_2,ct_3,ct_4,ct_5,ct_6
0.5357142857142857,0.8333333333333334,0.33333333333333337,0.25,0.25,1.0,0.5
