ct_0,ct_1,ct_2,ct_3,ct_4,ct_5,ct_6
0.035103999247792006,0.034842017503168,0.053975489301952,0.058941766537648,0.058941766537648,0.053975489301952,0.058941766537648
