ct_0,ct_1,ct_2,ct_3,ct_4,ct_5,ct_6,ct_7,ct_8,ct_9,ct_10,ct_11,ct_12,ct_13,ct_14,ct_15,ct_16
0.073161644673328,0.010759528769200001,0.035006435403568,0.005344543886127999,0.005344543886127999,0.004303950960688,0.003949913326768,0.006567505232128,0.037586062497328,0.0089237992588,0.003917671047088,0.0087427019788,0.003873663025072,0.003908682077632,0.005741410215472,0.0036520288108,0.0046778352102880005
