ct_0,ct_1
0.2142857142857143,0.33333333333333337
