ct_0,ct_1
0.07342979200000001,0.072716144431408
