ct_0,ct_1,ct_2,ct_3,ct_4,ct_5,ct_6,ct_7
0.0714285714285714,0.5,0.4,0.33333333333333337,0.4285714285714286,0.2962962962962963,0.5,1.0
