ct_0,ct_1,ct_2,ct_3
0.032919024901552,0.07841466338099201,0.075380471169712,0.075204811923712
