ct_0,ct_1,ct_2,ct_3
0.6428571428571428,0.125,0.1428571428571429,0.25
