ct_0,ct_1,ct_2,ct_3
0.070223206255792,0.022087066936768,0.035320616479167996,0.020379666393087997
