ct_0,ct_1,ct_2,ct_3,ct_4,ct_5
0.01010916988,0.065322916948528,0.059696390997952,0.063432599504128,0.063432599504128,0.063432599504128
