ct_0,ct_1,ct_2,ct_3
0.0571334140528,0.046901021027632,0.060761494290688,0.059106662483200005
