ct_0,ct_1,ct_2,ct_3
0.021365463242752,0.042719779335472,0.004868370008368,0.004869933097408
