ct_0,ct_1,ct_2,ct_3
0.2142857142857143,0.33333333333333337,0.5,1.0
