ct_0,ct_1,ct_2
0.07551170930219199,0.011453583974848,0.006448270181632
