ct_0,ct_1,ct_2
0.011453583974848,0.073824402300928,0.081130385793472
