ct_0,ct_1,ct_2
0.017095835750848,0.0778813202032,0.07221220675000001
