ct_0,ct_1,ct_2
0.06846299617120001,0.004752449063872,0.010005624284848
