ct_0,ct_1,ct_2,ct_3,ct_4
0.059814436750000005,0.041435732164912004,0.050309145078207995,0.062475668628928,0.063225742513408
