ct_0,ct_1,ct_2,ct_3
0.041551297625391996,0.07859964689555202,0.09609035830604801,0.096091874305072
