ct_0,ct_1,ct_2,ct_3
0.071398717646272,0.021136476797872,0.015305592181552,0.009021251004352
