ct_0,ct_1,ct_2,ct_3
0.04029079633964801,0.055766998568752,0.03511019563000001,0.065873947843888
