ct_0,ct_1,ct_2,ct_3,ct_4
0.036284893332928,0.051432304265152,0.070322825036032,0.0811859638768,0.073893802483888
