ct_0,ct_1,ct_2
0.063969331198912,0.05030242804268801,0.0658234729132
