ct_0,ct_1,ct_2,ct_3,ct_4
0.054003693011200005,0.08178080080479999,0.041733217475008,0.0763104366592,0.0763104366592
