ct_0,ct_1,ct_2,ct_3,ct_4
0.077124873754672,0.012681995912368,0.038807391537088,0.010166042540031998,0.010166042540031998
