ct_0,ct_1,ct_2,ct_3,ct_4,ct_5
0.0110061424492,0.06495313948,0.07378482018500801,0.070075001116672,0.07378482018500801,0.072076670392768
