ct_0,ct_1
0.07109774707307201,0.01019089168
