ct_0,ct_1
0.033296836231168005,0.0574002652588
