ct_0,ct_1
0.018158312255487998,0.061815279141808
