ct_0,ct_1
0.0689167990348,0.009706582177792
