ct_0,ct_1,ct_2
0.06288777184811199,0.047025710343088,0.06671875239116799
