ct_0,ct_1,ct_2
0.023306740110591997,0.036208490964928,0.017614981882672
