ct_0,ct_1,ct_2,ct_3,ct_4,ct_5,ct_6
0.037656381358528,0.049289440829488,0.05860972360772801,0.058226747930799995,0.066057010320688,0.068209331232688,0.068209331232688
