ct_0,ct_1,ct_2,ct_3,ct_4
0.015901653748912,0.0698705068912,0.06520243913080001,0.075238997399728,0.071686666230208
