ct_0,ct_1,ct_2,ct_3,ct_4,ct_5
0.014852140122111999,0.004815237833007999,0.004828049778688,0.028489646124592,0.021062709754288,0.021062709754288
