ct_0,ct_1,ct_2,ct_3,ct_4,ct_5
0.085829723343808,0.085736631792688,0.087619660808128,0.05837192112428799,0.066702921232048,0.066702921232048
