ct_0,ct_1,ct_2,ct_3,ct_4
0.051503656030000004,0.017877193759168,0.007225162357552,0.024651866874112,0.003760623757312
