ct_0,ct_1,ct_2,ct_3,ct_4
0.037061315681200004,0.037796315674048,0.05389004649875201,0.038992949330992,0.055513343852800004
