ct_0,ct_1,ct_2,ct_3,ct_4,ct_5,ct_6
0.065783371098112,0.047605598090800005,0.060806461220799995,0.071307419656192,0.0444967443952,0.0731997347308,0.06943961541803201
