ct_0,ct_1
0.040713872901568,0.018229897004991998
