ct_0,ct_1
0.035291149978048,0.040713872901568
