ct_0,ct_1,ct_2,ct_3,ct_4,ct_5
0.04533635969080001,0.059755625474992,0.059945720823232004,0.059945720823232004,0.051969948503487996,0.063489250113712
