ct_0,ct_1,ct_2,ct_3,ct_4,ct_5
0.03694974208,0.0188922225292,0.018053433898432,0.018053433898432,0.013318904681728,0.004740270211888
