ct_0,ct_1,ct_2,ct_3,ct_4,ct_5,ct_6
0.067050998254528,0.073272214781872,0.069706027640752,0.078010055862208,0.054534708909232,0.070902060623872,0.07628927411320001
