ct_0,ct_1,ct_2,ct_3,ct_4,ct_5,ct_6
0.023783757963568,0.023850942949167994,0.029298270773247998,0.009842805702592,0.022441682525631997,0.009844436084272,0.0061266928192
