ct_0,ct_1,ct_2,ct_3,ct_4,ct_5
0.036860924894128,0.055121609144752004,0.0764303908012,0.08564600748587199,0.08564600748587199,0.08534462895404801
