ct_0,ct_1,ct_2,ct_3,ct_4,ct_5
0.05120448177299201,0.026343846405808,0.037471411813552,0.007449996686128,0.007449996686128,0.008372299613488
