ct_0,ct_1
0.020193107941168,0.0406287805228
