ct_0,ct_1
0.06537508330667201,0.049115744988208004
