ct_0,ct_1,ct_2,ct_3,ct_4,ct_5
0.016769050121391998,0.06402164213291199,0.0737485032652,0.07552718111564799,0.064015829222848,0.064015829222848
