ct_0,ct_1,ct_2,ct_3,ct_4,ct_5
0.0193557110272,0.054743027762608004,0.063944744675632,0.063944744675632,0.069068409007408,0.06812650420331201
