ct_0,ct_1
0.0734972226028,0.057900567334911994
