ct_0,ct_1
0.023774368895151998,0.061682014763008
