ct_0,ct_1,ct_2,ct_3,ct_4
0.04880796979883201,0.027762129285567996,0.052326186939952,0.070053443175472,0.06901268584119999
