ct_0,ct_1,ct_2,ct_3,ct_4
0.010652157346048002,0.047638324192192,0.055426420938688,0.055426420938688,0.054884595164848005
