ct_0,ct_1,ct_2,ct_3,ct_4
0.0118913464492,0.070141521685552,0.07539031168,0.077149879949248,0.075254920973872
