ct_0,ct_1,ct_2,ct_3,ct_4
0.066897039030208,0.009505456520128,0.0101402178028,0.009256622829568,0.0071144995770880005
