ct_0,ct_1,ct_2,ct_3,ct_4
0.9761904761904762,0.8333333333333334,0.33333333333333337,0.16666666666666663,0.5
