ct_0,ct_1
0.04403417268371201,0.018462974739712
