ct_0,ct_1
0.03653499203627201,0.061491772869568
