ct_0,ct_1,ct_2,ct_3,ct_4
0.9523809523809523,0.2857142857142857,1.0,0.33333333333333337,0.33333333333333337
