ct_0,ct_1,ct_2,ct_3,ct_4
0.0695476098412,0.010602607227568001,0.012048222620608,0.006076763873728,0.006076763873728
