ct_0,ct_1,ct_2,ct_3,ct_4
0.013280702252991999,0.0782506598128,0.0678600137932,0.080084723111728,0.080084723111728
