ct_0,ct_1,ct_2,ct_3,ct_4,ct_5,ct_6,ct_7,ct_8
0.7857142857142857,0.5,0.30000000000000004,1.0,0.16666666666666663,1.0,1.0,0.75,1.0
