ct_0,ct_1,ct_2,ct_3,ct_4,ct_5
0.0712055563468,0.053033690705200004,0.069504589346992,0.07816253879219201,0.080249402226688,0.070481748349888
