ct_0,ct_1,ct_2,ct_3,ct_4,ct_5
0.012119593872688,0.033576812628928,0.010003665268528,0.004786806752512,0.005048266835968,0.003725032491952
