ct_0,ct_1,ct_2,ct_3,ct_4,ct_5
0.060369517187008004,0.042647091205552004,0.05979951301739201,0.067082708140288,0.066704278147072,0.068634838917808
