ct_0,ct_1
0.020033896054191997,0.042100004496831996
