ct_0,ct_1
0.067806842195968,0.050954168025088
