ct_0,ct_1,ct_2,ct_3,ct_4,ct_5
0.039376535206192,0.025429268573871996,0.05777658052907201,0.048702567104512005,0.055908382743088,0.059738511675328
