ct_0,ct_1,ct_2,ct_3,ct_4,ct_5
0.060279327299247995,0.051707291883568,0.0257658413632,0.0646233954892,0.067615159141312,0.06970465363148799
