ct_0,ct_1,ct_2,ct_3,ct_4,ct_5
0.06846299617120001,0.019619788380208,0.0415336371532,0.0071584970992,0.005062984075312,0.003637186493488
