ct_0,ct_1,ct_2,ct_3,ct_4
0.031624749644848,0.07144991467,0.04442256018764801,0.04442256018764801,0.07144991467
