ct_0,ct_1,ct_2
0.038964054712768,0.078325538783488,0.076494389315632
