ct_0,ct_1,ct_2
0.6388888888888888,0.18181818181818177,0.25
